,titles,images,ratings,prices
0,"Acer Aspire Go 15 Slim Laptop | 15.6"" Full HD IPS 1080P Display | Intel Core i3-N305| Intel UHD Graphics | 8GB LPDDR5 | 128GB HD | Wi-Fi 6 | AI PC | Windows 11 Home in S Mode | AG15-31P-3947",https://m.media-amazon.com/images/I/71wKJVtV-+L._AC_UY218_.jpg,4.2 out of 5 stars,No Price mentioned
1,"HP 17 Business Laptop, 17.3” HD+ Display, 11th Gen Intel Core i3-1125G4 Processor, 32GB RAM, 1TB SSD, Wi-Fi, HDMI, Webcam, Windows 11 Pro, Silver",https://m.media-amazon.com/images/I/61TGRBGTNzL._AC_UY218_.jpg,4.2 out of 5 stars,No Price mentioned
2,"HP 15.6"" Portable Laptop (Include 1 Year Microsoft 365), HD Display, Intel Quad-Core N200 Processor, 16GB RAM, 128GB Storage, Wi-Fi 6, Webcam, HDMI, Numeric Keypad, Windows 11 Home, Black",https://m.media-amazon.com/images/I/71jnvo71a9L._AC_UY218_.jpg,4.2 out of 5 stars,No Price mentioned
3,"HP 14 Laptop, Intel Celeron N4020, 4 GB RAM, 64 GB Storage, 14-inch Micro-edge HD Display, Windows 11 Home, Thin & Portable, 4K Graphics, One Year of Microsoft 365 (14-dq0040nr, Snowflake White)",https://m.media-amazon.com/images/I/815uX7wkOZS._AC_UY218_.jpg,3.9 out of 5 stars,$181.
4,"Apple 2023 MacBook Pro Laptop M3 chip with 8‑core CPU, 10‑core GPU: Built for Apple Intelligence, 14.2-inch Liquid Retina XDR Display, 8GB Unified Memory, 512GB SSD Storage; Space Gray",https://m.media-amazon.com/images/I/61lsexTCOhL._AC_UY218_.jpg,4.6 out of 5 stars,No Price mentioned
5,"Dell Inspiron 3511 Laptop, 15.6"" Full HD Touchscreen, Intel Core i5-1135G7 (Beats Intel i7-1065G7), 32GB DDR4 RAM, 1TB PCIe SSD, SD Card Reader, HDMI, Wi-Fi, Windows 11 Home, Black",https://m.media-amazon.com/images/I/719yYrijeKL._AC_UY218_.jpg,4.0 out of 5 stars,$501.
6,"HP Notebook Laptop, 15.6"" HD Touchscreen, Intel Core i3-1115G4 Processor, 32GB RAM, 1TB PCIe SSD, Webcam, Type-C, HDMI, SD Card Reader, Wi-Fi, Windows 11 Home, Silver",https://m.media-amazon.com/images/I/61oAh3XrX+L._AC_UY218_.jpg,4.2 out of 5 stars,$427.
7,"ASUS Chromebook CM14 Laptop, 14"" HD Anti-Glare Display (1366x768), MediaTek Kompanio 520, 4GB RAM, 64GB eMMC, ChromeOS, Gray, CM1402CM2A-DS44, Gravity Grey",https://m.media-amazon.com/images/I/616aCuRtnpL._AC_UY218_.jpg,4.2 out of 5 stars,No Price mentioned
8,"HP Newest 255 G10 15.6"" FHD Business Laptop, AMD Ryzen 7 7730U, 64GB RAM, 2TB PCIe SSD, Numeric Keypad, Webcam, Wi-Fi 6, HDMI, Windows 11 Pro, Black",https://m.media-amazon.com/images/I/71Ixk-aiC+L._AC_UY218_.jpg,4.2 out of 5 stars,No Price mentioned
9,"Lenovo Newest V15 Gen 4 Business Laptop, 15.6"" FHD Display, Intel Core i5-13420H (Beat i7-1355U), 16GB RAM, 1TB SSD, HDMI, RJ45, Webcam, Numeric Keypad, Wi-Fi, Windows 11 Pro, Black",https://m.media-amazon.com/images/I/71N9tTF6pML._AC_UY218_.jpg,4.0 out of 5 stars,No Price mentioned
10,"Dell Inspiron Touchscreen Laptop (15.6"" FHD Touch, Intel Core i5-1155G7, 16GB RAM, 512GB SSD) for Business, Students, Enterprises, Numeric Keypad, Narrow-Bezel, Webcam, Win 11 Pro, Carbon Black",https://m.media-amazon.com/images/I/71rk+Xg08PL._AC_UY218_.jpg,4.8 out of 5 stars,$528.
11,"SAMSUNG 14"" Galaxy Book4 Pro Business Laptop, Wi-Fi PC Computer, Windows 11 PRO, Intel Core 7 Ultra 155H / 16GB / 1TB, 3K AMOLED Touchscreen, 2024 Model, NP944XGK-KG1US, Moonstone Gray",https://m.media-amazon.com/images/I/6131ZgIFn1L._AC_UY218_.jpg,4.5 out of 5 stars,"$1,571."
12,"Lenovo Newest Flagship Chromebook, 14'' FHD Touchscreen Slim Thin Light Laptop Computer, 8-Core MediaTek Kompanio 520 Processor, 4GB RAM, 64GB eMMC, WiFi 6,Chrome OS+HubxcelAccesory, Abyss Blue",https://m.media-amazon.com/images/I/61KlKRdsQ7L._AC_UY218_.jpg,4.3 out of 5 stars,$207.
13,"Lenovo 2022 Newest Ideapad 3 Laptop, 15.6"" HD Touchscreen, 11th Gen Intel Core i3-1115G4 Processor, 8GB DDR4 RAM, 256GB PCIe NVMe SSD, HDMI, Webcam, Wi-Fi 5, Bluetooth, Windows 11 Home, Platinum Grey",https://m.media-amazon.com/images/I/81M05PyYgYL._AC_UY218_.jpg,4.3 out of 5 stars,$326.
14,"Apple 2023 MacBook Pro Laptop M3 Pro chip with 11‑core CPU, 14‑core GPU: Built for Apple Intelligence, 14.2-inch Liquid Retina XDR Display, 18GB Unified Memory, 512GB SSD Storage; Silver",https://m.media-amazon.com/images/I/61SdxEONyuL._AC_UY218_.jpg,4.7 out of 5 stars,No Price mentioned
15,"Samsung 16"" Galaxy Book4 Pro Business Laptop, Wi-Fi PC Computer, Windows 11 PRO, Intel Core 7 Ultra 155H / 32GB / 1TB, 3K AMOLED Touchscreen, 2024 Model, NP964XGK-KG1US, Moonstone Gray",https://m.media-amazon.com/images/I/71ysHVMH4FL._AC_UY218_.jpg,4.5 out of 5 stars,"$1,782."
16,"Dell Latitude 7490 14 HD Anti-Glare, Intel Core i5-8350U, 16GB DDR4, 256GB Solid State Drive, Webcam, Bluetooth, Windows 10Pro (Renewed)",https://m.media-amazon.com/images/I/61q+tu0yBnL._AC_UY218_.jpg,4.2 out of 5 stars,No Price mentioned
17,Lenovo Urban Laptop Sleeve 14 Inch for Laptop/ Notebook/Tablet Compatible with MacBook Air/Pro Water Resistant - Charcoal Grey,https://m.media-amazon.com/images/I/61j4ywk+3cL._AC_UY218_.jpg,4.7 out of 5 stars,$11.
18,"Owl Labs Meeting Owl 3 - 360° 1080p HD Conference Room Camera, AI-Driven Speaker-Tracking, 18-Foot Mic Pickup - Certified for Microsoft Teams - Works with Zoom, Google Meet - Plug & Play Setup",https://m.media-amazon.com/images/I/81EUSSdh7qL._AC_UY218_.jpg,4.5 out of 5 stars,No Price mentioned
19,"RICOH 150 Portable 15.6"" Vivid OLED 300nit Lightweight Display Monitor and Touchscreen w/Dual Speakers - for Laptop, Desktop, Mac, PC",https://m.media-amazon.com/images/I/71ozrmE6CcL._AC_UY218_.jpg,4.1 out of 5 stars,$560.
20,StarTech.com FireWire800 ExpressCard Adapter for Laptops,https://m.media-amazon.com/images/I/81walZxb7ZL._AC_UY218_.jpg,4.2 out of 5 stars,$60.
21,"Kensington MP16 MacBook Magnetic Privacy Screen for 16"" MacBook Pro (2021 and Newer)",https://m.media-amazon.com/images/I/71hqLQQs0lL._AC_UY218_.jpg,4.3 out of 5 stars,$40.
22,"Lenovo 2022 Newest Ideapad 3 Laptop, 15.6"" HD Touchscreen, 11th Gen Intel Core i3-1115G4 Processor, 8GB DDR4 RAM, 256GB PCIe NVMe SSD, HDMI, Webcam, Wi-Fi 5, Bluetooth, Windows 11 Home, Almond",https://m.media-amazon.com/images/I/61QGMX0Qy6L._AC_UY218_.jpg,4.3 out of 5 stars,$321.
23,"Dell Chromebook 3180 Laptop Computer, 11.6 Inch Laptop PC, Intel Celeron N3060, 4GB RAM, 16GB SSD, Web Camera, Wi-Fi, Bluetooth, HDMI, Chrome OS (Renewed)",https://m.media-amazon.com/images/I/61LL4o6N-rL._AC_UY218_.jpg,3.7 out of 5 stars,No Price mentioned
24,"Lenovo V15 Portable Laptop, 15.6"" FHD Anti-Glare Display, Business and Everyday Use, Intel Dual Core Processor, 8GB RAM, 128GB SSD, Webcam, HDMI, Wi-Fi, Windows 11 Home, Black",https://m.media-amazon.com/images/I/71xkIYioQzL._AC_UY218_.jpg,4.2 out of 5 stars,No Price mentioned
25,"Lenovo Gen 12 ThinkPad X1 Carbon Laptop with Intel Ultra 7 165U vPro Processor, 14"" WUXGA 100% sRGB Touchscreen, 32GB 6400MHz RAM, 1TB Gen4 Performance SSD, FHD+ IR+ RGB Camera, and Windows 11 Pro",https://m.media-amazon.com/images/I/61GSvJjxBuL._AC_UY218_.jpg,5.0 out of 5 stars,No Price mentioned
26,"ASUS 2023 Vivobook 14 Laptop, 14” FHD (1920 x 1080) Display, Intel Core i5-1235U CPU, Intel Iris Xᵉ Graphics, 8GB RAM, 256GB SSD, Windows 11 Home, Quiet Blue, F1404ZA-AS51",https://m.media-amazon.com/images/I/71+LIOKehyL._AC_UY218_.jpg,4.0 out of 5 stars,No Price mentioned
27,"ASUS Vivobook 15.6” FHD Laptop, AMD Ryzen 3 3250U, 8GB RAM, 128GB SSD, Windows 11 Home, Transparent Silver, M515DA-WS33",https://m.media-amazon.com/images/I/61FYc36J93L._AC_UY218_.jpg,4.1 out of 5 stars,No Price mentioned
28,"HP 15.6 inch Laptop, FHD Display, 12th Gen Intel Core i5, 16 GB RAM, 512 GB SSD, Intel Iris Xe Graphics, Windows 11 Home, 15-dy5399nr (2023),Silver",https://m.media-amazon.com/images/I/71IxGQfy4TL._AC_UY218_.jpg,4.3 out of 5 stars,No Price mentioned
29,"HP 15.6 inch Laptop PC, Processor: 13th Generation Intel® Core™ i7, Graphics: Intel® Iris® Xe Graphicsc, 16 GB DDR4-3200 MHz RAM, 512GB SSD, Windows 11 Home (Silver, 15-fd0099nr)",https://m.media-amazon.com/images/I/71cdlw1zCZL._AC_UY218_.jpg,4.4 out of 5 stars,No Price mentioned
30,"Lenovo ThinkBook 15 Gen 4 Business Laptop (15.6"" FHD, 12th Gen Intel 10-Core i7-1255U, 16GB RAM, 512GB SSD), 1080p Webcam, Fingerprint, IST SD Card, Wi-Fi 6, Ethernet, Win 11 Pro, Grey - 2024",https://m.media-amazon.com/images/I/61gN2CYZJNL._AC_UY218_.jpg,4.8 out of 5 stars,$699.
31,"Lenovo ThinkPad X1 Titanium Yoga 2-in-1 Business Laptop (13.5"" QHD Touchscreen, Intel Core i5-1130G7, 16GB RAM, 1TB SSD, Precision Pen), Lightweight 2.54lbs, 3-Year Warranty, Win 11 Pro, Silver",https://m.media-amazon.com/images/I/71og5ST+6WL._AC_UY218_.jpg,4.2 out of 5 stars,$899.
32,"Lenovo ThinkPad E14 Gen 5 Business Laptop, 14"" FHD+ Display, AMD Ryzen 7 7730U (Beat i7-1255U), 16GB RAM, 512GB SSD, FP Reader, Backlit Keyboard, HDMI, RJ45, Wi-Fi 6, Windows 11 Pro, Black",https://m.media-amazon.com/images/I/71sxwp5iwjL._AC_UY218_.jpg,4.4 out of 5 stars,No Price mentioned
33,"SAMSUNG 16"" Galaxy Book4 Pro Laptop PC Computer, Intel Core 7 Ultra Processor 1TB, 3K AMOLED (2880 x 1800) Touchscreen, Advanced Security, 2024 Model, NP960XGK-KG1US, Moonstone Gray",https://m.media-amazon.com/images/I/71ysHVMH4FL._AC_UY218_.jpg,4.3 out of 5 stars,"$1,274."
34,"EYY 15.6 Inch Windows 11 Pro Laptop Computer, Intel Core i5 Processor Laptops, 16GB RAM 512GB SSD, MS Office 2024, 15.6"" FHD 100% sRGB 1920 * 1080, Dual Band Wi-Fi, Bluetooth, Type-C, USB 3.0, HDMI",https://m.media-amazon.com/images/I/81SC8aYkdoL._AC_UY218_.jpg,5.0 out of 5 stars,$314.
35,"Lenovo ThinkBook 15 Gen 4 Business Laptop (15.6"" FHD, 12th Gen Intel 10-Core i7-1255U, 16GB RAM, 512GB SSD), 1080p Webcam, Fingerprint, IST SD Card, Wi-Fi 6, Ethernet, Win 11 Pro, Grey - 2024",https://m.media-amazon.com/images/I/716gH+KWvuL._AC_UY218_.jpg,4.4 out of 5 stars,No Price mentioned
36,"HP Chromebook 14 Laptop, Intel Celeron N4120, 4 GB RAM, 64 GB eMMC, 14"" HD Display, Chrome OS, Thin Design, 4K Graphics, Long Battery Life, Ash Gray Keyboard (14a-na0226nr, 2022, Mineral Silver)",https://m.media-amazon.com/images/I/71tXLOE7wIL._AC_UY218_.jpg,4.4 out of 5 stars,No Price mentioned
37,"Dell Inspiron 5645 Laptop - 16.0 16:10 FHD+ (1920 x 1200) Display, AMD Ryzen 7-8840U, 16GB DDR5 RAM, 1TB SSD, AMD Radeon Graphics, Windows 11 Home, Onsite & Migrate Services - Midnight Blue",https://m.media-amazon.com/images/I/818WO3r8jhL._AC_UY218_.jpg,4.2 out of 5 stars,$775.
38,"ZAGG 11+ Standard Protective Laptop Sleeve – Fits 11-13 Inch Tablets, Chromebooks, and Laptops, Water-Resistant Neoprene Case with ID Holder",https://m.media-amazon.com/images/I/61en4Q2lg1L._AC_UY218_.jpg,3.0 out of 5 stars,$14.
39,"Everki Advance Laptop Briefcase Bag 17.3 Inch - Business Briefcase for Men & Women,Computer Bag for Laptops, Laptop Travel Bag, Heavy Duty Laptop Bag, Laptop Carrying Bag- (EKB407NCH17) Black",https://m.media-amazon.com/images/I/91OHt6Z56UL._AC_UY218_.jpg,4.7 out of 5 stars,$50.
40,"USB-C 9-in-1 Dual Display Docking Station with HDMI, Ethernet, USB, 3.5mm Audio and Power Delivery up to 60W - 4K 30Hz (TAA Compliant)",https://m.media-amazon.com/images/I/41d3fb6VcKL._AC_UY218_.jpg,5.0 out of 5 stars,$127.
41,"UBeesize 10.5in Laptop Ring Light with Stand and Phone Holder for Desk, Zoom Lighting for Computer, Video Recording, Streaming, Video Conference, Video Calls",https://m.media-amazon.com/images/I/61VUD60G-aL._AC_UY218_.jpg,4.7 out of 5 stars,$35.
42,"HP 14 Laptop (14"" Micro-Edge, Intel N4120, 16GB RAM, 192GB(64GB eMMC+128GB SD), 1-Yr Microsoft 365, 11-Hrs Long Battery Life, Narrow-Bezel, Webcam, WiFi, Win 11 Home in S Mode, Student & Home, White",https://m.media-amazon.com/images/I/61f2UX3wIzL._AC_UY218_.jpg,4.1 out of 5 stars,$279.
43,"Dell Latitude 5330 Business Laptop (13.3"""" FHD, Intel 10-Core i7-1265U Vpro, 16GB RAM, 1TB SSD, IST Card) 2 x Thunderbolt 4, Backlit KB, Fingerprint, Webcam, NFC, 2024 Latitude 5000, Win 11 Pro, Gray",https://m.media-amazon.com/images/I/71EeDgzCwqL._AC_UY218_.jpg,4.7 out of 5 stars,$999.
44,"HP ProBook 450 G10 Business Laptop 15.6” FHD Intel i7-1355U 16GB RAM 512GB NVMe, Wi-Fi 6, RJ-45, Webcam, HDMI, Backlit Keyboard, Win 11 Pro - Silver",https://m.media-amazon.com/images/I/61nBSp60zOL._AC_UY218_.jpg,No Rating,No Price mentioned
45,"HP 15 Pavilion Laptop for Business and Students (15.6"" FHD, Intel 6-Core i3-1215U, 16GB RAM, 512GB SSD) Narrow-Bezel, FP, Long Battery Life, Webcam, Numpad, IST SD Card, Win 11 Home, Silver",https://m.media-amazon.com/images/I/71pZEweCZxL._AC_UY218_.jpg,3.8 out of 5 stars,$429.
46,"HP Business Laptop, 15.6"" HD Touchscreen, Intel Core i3-1115G4 Processor (Up to 4.10 GHz), 16GB RAM, 1TB SSD, 11 Hr Battery Life, Micro-Edge, Anti-Glare Screen, Thin & Portable, Win 11",https://m.media-amazon.com/images/I/81kmD33aJ4L._AC_UY218_.jpg,4.1 out of 5 stars,$422.
47,"Apple 2023 MacBook Pro Laptop with Apple M2 Pro chip with 12‑core CPU and 19‑core GPU: 16.2-inch Liquid Retina XDR Display, 16GB Unified Memory, 512GB SSD Storage. Works with iPhone/iPad; Silver",https://m.media-amazon.com/images/I/61bwiPRcv2L._AC_UY218_.jpg,4.7 out of 5 stars,"$1,869."
48,"Lenovo Laptop V15 for Business (15.6"" FHD, AMD 6-Core Ryzen 5 5500U (Beat i7-1065G7), 16GB RAM, 1TB SSD), Webcam w/Shutter, Military Grade, Numeric Keypad, IST Cable, Ethernet, Wi-Fi, Win 11 Pro",https://m.media-amazon.com/images/I/61MwgCZQM4L._AC_UY218_.jpg,4.6 out of 5 stars,$569.
49,"Lenovo ThinkPad T14 Gen 5 Business Laptop (14"" FHD+ Touchscreen, Intel Ultra 7 155U (>i7-13700H), 32GB DDR5, 1TB SSD), 5MP Webcam, 2 Thunderbolt 4, 3-Yr WRT, IST Hub, 2024 AI PC, Win 11 Pro",https://m.media-amazon.com/images/I/712kpoMQ-zL._AC_UY218_.jpg,4.7 out of 5 stars,No Price mentioned
50,"ASUS Vivobook Go 15 L510 Thin & Light Laptop Computer, 15.6” FHD Display, Intel Celeron N4020 Processor, 4GB RAM, 64GB Storage, Windows 11 Home in S Mode, 1 Year Microsoft 365, Star Black, L510MA-AS02",https://m.media-amazon.com/images/I/51U9xem9OxL._AC_UY218_.jpg,3.9 out of 5 stars,No Price mentioned
51,"ASUS TUF Gaming A17 (2023) Gaming Laptop, 17.3” FHD 144Hz Display, GeForce RTX 4060, AMD Ryzen 7 7735HS, 16GB DDR5, 1TB PCIe 4.0 SSD, Wi-Fi 6, Windows 11, FA707NV-ES74",https://m.media-amazon.com/images/I/61JHBCsTZxL._AC_UY218_.jpg,4.4 out of 5 stars,No Price mentioned
52,"Lenovo IdeaPad Flex 5i 2-in-1 Laptop (14"" FHD+ Touchscreen, Intel Core i3-1215U, 8GB RAM, 256GB SSD) Convertible, Fingerprint, FHD Webcam, 9-Hr Battery Life, IST Pen, Win 11 Home in S Mode, Grey",https://m.media-amazon.com/images/I/71Xr2eHLQJL._AC_UY218_.jpg,4.5 out of 5 stars,No Price mentioned
53,"ASUS ROG Strix G17 (2022) Gaming Laptop, 17.3” 144Hz IPS FHD Display, NVIDIA GeForce RTX 3050 GPU, AMD Ryzen 7 6800H Processor, 16GB DDR5 RAM, 512GB SSD, RGB Keyboard, Windows 11, G713RC-RS73",https://m.media-amazon.com/images/I/61xgnFpURwL._AC_UY218_.jpg,4.2 out of 5 stars,No Price mentioned
54,"SAMSUNG 15.6"" Galaxy Book3 Business Laptop Computer/Windows 11 PRO/16GB - 512GB/ 13th Gen Intel® Core™ i7 processor, 2023 Model, NP754XFG-KB1US, Silver",https://m.media-amazon.com/images/I/61cKICdQSUL._AC_UY218_.jpg,4.6 out of 5 stars,No Price mentioned
55,"HP 2023 Newest Chromebook Laptop, 14 Inch Display, Intel Celeron N4120 Processor, 4GB RAM, 64GB eMMC, Intel UHD Graphics 600, WiFi, Bluetooth, Chrome OS, Modern Gray",https://m.media-amazon.com/images/I/51PsNbMd-CL._AC_UY218_.jpg,4.2 out of 5 stars,$184.
56,"Late 2020 Apple MacBook Air with Apple M1 Chip (13.3 inch, 8GB RAM, 128GB SSD) Space Gray (Renewed)",https://m.media-amazon.com/images/I/41DeT328kPL._AC_UY218_.jpg,4.2 out of 5 stars,No Price mentioned
57,"HP 15.6 Inch Laptop, Intel Iris Xe Graphics, 11th Generation Intel Core Processor, 8 GB RAM, 256 GB SSD, Windows 11 Home (15-dy2024nr, Natural silver)",https://m.media-amazon.com/images/I/71RD3vsjIYL._AC_UY218_.jpg,4.4 out of 5 stars,No Price mentioned
58,Crucial RAM 16GB Kit (2x8GB) DDR5 4800MHz CL40 Desktop Memory CT2K8G48C40U5,https://m.media-amazon.com/images/I/61eLcrtn80L._AC_UY218_.jpg,4.6 out of 5 stars,$43.
59,Fossil Men's Leather Laptop Folio for Men,https://m.media-amazon.com/images/I/41sYqpFXaYL._AC_UY218_.jpg,No Rating,$105.
60,"ASUS Zenbook S 13 OLED Laptop, 13.3” OLED 3K 60Hz Display, Intel Evo Certified, Intel Core Ultra 7 155U CPU, Intel Graphics, 32GB RAM, 1TB SSD, Windows 11 Pro, Basalt Gray, UX5304MA-XS76",https://m.media-amazon.com/images/I/61TgDEN6HXL._AC_UY218_.jpg,4.3 out of 5 stars,No Price mentioned
61,"Lenovo 100E Laptop G2 AST 11.6"" AMD A4-9120C 4GB 32GB Chrome OS (Renewed)",https://m.media-amazon.com/images/I/71KgPRij6+L._AC_UY218_.jpg,4.5 out of 5 stars,No Price mentioned
62,"DELL Inspiron 15 15.6"" Business Laptop (FHD Touchscreen, AMD Ryzen 5 7530U, 16GB RAM, 512GB PCIe SSD, (6-Core Beat i7-1165G7)) Numeric Keypad, Webcam, 2024 Inspiron 3000 3535, Win 11 Pro, Carbon Black",https://m.media-amazon.com/images/I/61ZUE6b3gEL._AC_UY218_.jpg,4.2 out of 5 stars,$529.
63,"HP 17 Laptop, 17.3"" FHD Screen, AMD Ryzen 5 5500U, 32GB SSD, 1TB SSD, Webcam, HDMI, Fingerprint Reader, Wi-Fi, Windows 11 Home, Silver",https://m.media-amazon.com/images/I/61slxFdcTEL._AC_UY218_.jpg,4.3 out of 5 stars,No Price mentioned
64,"Dell Chromebook 11 3100 11.6"" Chromebook - 1366 x 768 - Celeron N4020-4 GB RAM - 16 GB Flash Memory - Chrome OS - Intel HD Graphics - English (US) Keyboard - Bluetooth (Renewed)",https://m.media-amazon.com/images/I/61zTekYPPRL._AC_UY218_.jpg,4.1 out of 5 stars,No Price mentioned
65,"Dell Inspiron 15 3000 3520 15.6"" FHD Touchscreen (Intel 4-Core i5-1135G7, 32GB RAM, 1TB PCIe SSD, UHD Graphics) Business Laptop, WVA Anti-Glare, Numeric Keypad, Webcam, Wi-Fi, Win 11 Pro - 2024 Black",https://m.media-amazon.com/images/I/61apmtXrgQL._AC_UY218_.jpg,4.2 out of 5 stars,$589.
66,"Dell Latitude 7420 FHD Laptop Notebook with Intel Core i7 11th Gen Processor (16GB Ram, 512GB SSD, WiFi, Bluetooth) Windows 11 Pro - Carbon Fiber (Renewed)",https://m.media-amazon.com/images/I/61VRqYjVIvL._AC_UY218_.jpg,4.1 out of 5 stars,No Price mentioned
67,"HP 17 inch Laptop, HD+ Display, 12th Generation Intel Core i5-1235U, 8 GB RAM, 512 GB SSD, Intel Iris Xe Graphics, Windows 11 Home, 17-cn2099nr (2023),Silver",https://m.media-amazon.com/images/I/61iAdX4jIeL._AC_UY218_.jpg,4.5 out of 5 stars,No Price mentioned
68,"HP Business Laptop, 15.6"" HD Touchscreen, Intel Core i3-1115G4 Processor (Up to 4.10 GHz), 32GB RAM, 1TB SSD, 11 Hr Battery Life, Micro-Edge, Anti-Glare Screen, Thin & Portable, Win 11",https://m.media-amazon.com/images/I/81kmD33aJ4L._AC_UY218_.jpg,4.4 out of 5 stars,$475.
69,Dell Latitude 5590 Business Laptop | 15.6in HD Screen | Intel Quad Core 8th Gen i7-8650U | 16GB DDR4 RAM | 512GB SSD | Windows 10 Professional (Renewed),https://m.media-amazon.com/images/I/61fNtN82ymL._AC_UY218_.jpg,4.2 out of 5 stars,No Price mentioned
70,"HP EliteBook 845 (14"" FHD, AMD Ryzen 5, 16GB RAM, 512GB SSD,",https://m.media-amazon.com/images/I/61gmQxHE3rL._AC_UY218_.jpg,4.6 out of 5 stars,$459.
71,"HP Stream 14 inches HD (1366x768) Display, Intel Celeron N4000 Dual-Core Processor, 4GB RAM, 64GB eMMC, HDMI, WiFi, Webcam, Bluetooth, Win10 S, Royal Blue (Renewed)",https://m.media-amazon.com/images/I/71sOrI1hB9L._AC_UY218_.jpg,4.3 out of 5 stars,No Price mentioned
72,"HP 14 Laptop, Intel Celeron N4020, 4 GB RAM, 64 GB Storage, 14-inch HD Touchscreen, Windows 11 Home, Thin & Portable, 4K Graphics, One Year of Microsoft 365 (14-dq0070nr, 2021, Pale Rose Gold)",https://m.media-amazon.com/images/I/515oexO4VOL._AC_UY218_.jpg,4.2 out of 5 stars,No Price mentioned
73,"Lenovo ThinkPad E16 Business Laptop (16"" FHD+ Anti-glare, Intel 13th Gen 10-Core i7-1355U, 40GB RAM, 1TB SSD), Backlit, Fingerprint Reader, FHD Webcam, Ethernet, Wi-Fi 6, Win 11 Pro, Black",https://m.media-amazon.com/images/I/71fh1YRKIiL._AC_UY218_.jpg,4.1 out of 5 stars,$999.
74,"HP 2023 15'' HD IPS Laptop, Windows 11, Intel Pentium 4-Core Processor Up to 2.70GHz, 8GB RAM, 128GB SSD, HDMI, Super-Fast 6th Gen WiFi, Dale Red (Renewed)",https://m.media-amazon.com/images/I/712VAsKBk-L._AC_UY218_.jpg,4.2 out of 5 stars,$229.
75,"ASUS Laptop L510 Ultra Thin Laptop, 15.6” FHD Display, Intel Celeron N4020 Processor, 4GB RAM, 64GB Storage, Windows 10 Home in S Mode, 1 Year Microsoft 365, Star Black, L510MA-DH02",https://m.media-amazon.com/images/I/61YgV5cx1wL._AC_UY218_.jpg,3.6 out of 5 stars,No Price mentioned
76,"Kensington MP15 MacBook Magnetic Privacy Screen for 15"" MacBook Air (2023 and Newer)",https://m.media-amazon.com/images/I/71ZJJOrS8BL._AC_UY218_.jpg,4.3 out of 5 stars,$39.
77,"Vera Bradley Cotton Laptop Organizer, Morning Glory",https://m.media-amazon.com/images/I/615jggn03dL._AC_UY218_.jpg,5.0 out of 5 stars,$31.
78,"187 Killer Pads Mesh Duffel , Black",https://m.media-amazon.com/images/I/71woh3HkgJL._AC_UY218_.jpg,4.8 out of 5 stars,$55.
79,"Lenovo IdeaPad 3 Laptop, 15.6” FHD Touchscreen Display, Intel Core i5-1135G7 Processor, 20GB RAM, 1TB SSD, Wi-Fi 6, SD Card Reader, HDMI, Webcam, Windows 11 Pro, Grey",https://m.media-amazon.com/images/I/61fQ3g11shL._AC_UY218_.jpg,4.3 out of 5 stars,$572.
80,"Lenovo - IdeaPad 3i - Essential Laptop Computer - Intel Core i5 - 15.6"" FHD Display - 8GB Memory - 512GB Storage - Windows 11 Pro",https://m.media-amazon.com/images/I/71Tp0GOd33L._AC_UY218_.jpg,4.4 out of 5 stars,No Price mentioned
81,"HP Chromebook 15 15.6"" HD (Intel Pentium N6000, 8GB RAM, 128GB Storage (64GB eMMc + 64GB SD Card), UHD Graphics, Numeric KB) Home & Student Laptop, Anti-Glare, Webcam, Wi-Fi, Chrome OS, Silver",https://m.media-amazon.com/images/I/61fBSyMHtdL._AC_UY218_.jpg,4.4 out of 5 stars,$299.
82,"acer Aspire 1 A115-32-C96U Home & Student Slim Laptop (15.6"" FHD, Intel Celeron N4500, 16GB RAM, 256GB SSD, UHD Graphics) 1-Year Office 365, Ethernet, Wi-Fi, Webcam, IST Hub, Win 11 Home, Silver",https://m.media-amazon.com/images/I/718vyZuLoyL._AC_UY218_.jpg,4.5 out of 5 stars,$339.
83,"HP Chromebook 14 Laptop, Intel Celeron N4000 Processor, 4 GB RAM, 32 GB eMMC, 14” HD Display, Chrome, Lightweight Computer with Webcam and Dual Mics, Home, School, Music, Movies (14a-na0021nr, 2021)",https://m.media-amazon.com/images/I/81b6IIclRfS._AC_UY218_.jpg,4.4 out of 5 stars,No Price mentioned
84,"HP Chromebook 11.6-inch Laptop, MediaTek MT8183, MediaTek Integrated Graphics, 4 GB RAM, 32 GB eMMC Storage, Chrome (11a-na0010nr, Ash Gray) (Renewed)",https://m.media-amazon.com/images/I/81EY2GIfktL._AC_UY218_.jpg,4.0 out of 5 stars,$109.
85,"HP 15 Notebook, 15.6"" HD Screen Laptop, Intel Core i3-1115G4, 32GB DDR4 RAM, 1TB SSD, Webcam, HDMI, Wi-Fi, Windows 11 Home, Natural Silver",https://m.media-amazon.com/images/I/71on4mHJNxL._AC_UY218_.jpg,4.1 out of 5 stars,$412.
86,"ThinkPad T16 Gen 2 16"" FHD+ Touchscreen Business Laptop (3-Yr Warranty, 10-Core i5-1335U (>i7-1255U) 32GB DDR5 RAM 1TB SSD), Backlit KYB, FP Reader, 1080p Webcam, Win 11 Pro w/AI Copilot.",https://m.media-amazon.com/images/I/51+SAMXWT-L._AC_UY218_.jpg,4.7 out of 5 stars,No Price mentioned
87,"HP EliteBook 845 Business Laptop (14"" FHD, AMD Ryzen 5 PRO 5650U, 16GB RAM, 256GB SSD, > Intel i5-1145G7) 3-Yr Warranty, Long Battery Life, Backlit, Fingerprint, Wi-Fi 6E, Webcam, Win 10 Pro, Silver",https://m.media-amazon.com/images/I/71vZZJ4vpfL._AC_UY218_.jpg,4.2 out of 5 stars,$469.
88,"HP 14 Laptop, Intel Celeron N4020, 4 GB RAM, 64 GB Storage, 14-inch HD Touchscreen, Windows 11 Home, Thin & Portable, 4K Graphics, One Year of Microsoft 365 (14-dq0080nr, Snowflake White)",https://m.media-amazon.com/images/I/51WLQFo6gBL._AC_UY218_.jpg,4.1 out of 5 stars,No Price mentioned
89,"Dell Latitude 7400 2-in-1 Touchscreen Laptop, 14in FHD(1920x1080) Laptop, 7400 Laptop Touchscreen Core i5-8th Gen Processor 4.1GHz, 8GB RAM, 256GB SSD, Silver, Win10 pro(Renewed)",https://m.media-amazon.com/images/I/61ymG26lufL._AC_UY218_.jpg,5.0 out of 5 stars,No Price mentioned
90,"SAMSUNG 14"" Galaxy Book4 Pro Laptop PC Computer, Intel Core 7 Ultra Processor 512GB, 3K AMOLED (2880 x 1800) Touchscreen, Advanced Security, 2024 Model, NP940XGK-KG1US, Moonstone Gray",https://m.media-amazon.com/images/I/6131ZgIFn1L._AC_UY218_.jpg,4.1 out of 5 stars,"$1,231."
91,"Dell Latitude 5410 Business Laptop, 14"" FHD WVA (1920 x 1080) Non-Touch, 10th Gen Intel Core i7-10610U, 16GB RAM, 256GB SSD, Fingerprint Reader, Webcam, Windows 11 Pro, XPI Bundle (Renewed)",https://m.media-amazon.com/images/I/61CpL-+6xCL._AC_UY218_.jpg,3.0 out of 5 stars,No Price mentioned
92,"Dell Inspiron 3520 15.6"" FHD Laptop, Intel Core i7-1255U Processor, 16GB RAM, 1TB SSD, Webcam, HDMI, SD-Card Slot, Wi-Fi 6, Windows 11 Home, Black",https://m.media-amazon.com/images/I/71dKF4pc-6L._AC_UY218_.jpg,3.5 out of 5 stars,No Price mentioned
93,Dell Latitude 5420 Laptop 14 - Intel Core i5 11th Gen - i5-1135G7 - Quad Core 4.2Ghz - 512GB SSD - 16GB RAM - 1920x1080 FHD - Windows 10 Pro (Renewed),https://m.media-amazon.com/images/I/614L0tVSDrS._AC_UY218_.jpg,5.0 out of 5 stars,No Price mentioned
94,"acer Aspire 3 15.6"" FHD Laptop | Intel Core I7-1165G7 | Intel Iris Xe Graphics|Built-in Webcam | Silver| Bluetooth 5.1 | 16GB RAM | 512GB SSD | Windows 11 Home |Bundle with 64GB USB Flash Drive",https://m.media-amazon.com/images/I/51GWDPzDIZL._AC_UY218_.jpg,No Rating,No Price mentioned
95,"Kensington Contour Computer Backpack for 16"" Laptops (K62238B), Black",https://m.media-amazon.com/images/I/71uy7UEQ3QL._AC_UY218_.jpg,4.0 out of 5 stars,$69.
96,"Acer Chromebook Spin 311 Convertible Laptop, Intel Celeron N4020, 11.6"" HD Touch, 4GB LPDDR4, 32GB eMMC, Gigabit Wi-Fi 5, Bluetooth 5.0, Google Chrome, CP311-2H-C679",https://m.media-amazon.com/images/I/61dsJm45m3L._AC_UY218_.jpg,4.5 out of 5 stars,No Price mentioned
97,"SAMSUNG 15.6” Galaxy Book3 Laptop PC Computer, 13th Gen Intel Core i7-1355U Processor / 16 GB / 512GB, Thin and Light, FHD Screen, Fingerprint Reader, HD Webcam, 2023 Model, NP750XFG-KB2US, Silver",https://m.media-amazon.com/images/I/61nPQo2jH4L._AC_UY218_.jpg,4.3 out of 5 stars,No Price mentioned
98,"HP 15 Pavilion Laptop (15.6"" Touchscreen, Intel Core i3-1215U (Beats i5-1135G7), 32GB RAM, 1TB SSD) Home & Business PC, Narrow-Bezel, Long Battery Life, Webcam, Numpad, IST SD Card, Win 11 Pro, Silver",https://m.media-amazon.com/images/I/81TqLki178L._AC_UY218_.jpg,2.9 out of 5 stars,$499.
99,"HP 14 Laptop, Intel Celeron N4020, 4 GB RAM, 64 GB Storage, 14-inch Micro-edge HD Display, Windows 11 Home, Thin & Portable, 4K Graphics, One Year of Microsoft 365 (14-dq0030nr, Pale Rose Gold)",https://m.media-amazon.com/images/I/818vEGdvS+S._AC_UY218_.jpg,4.1 out of 5 stars,$209.
100,"Lenovo ThinkPad T14 Business Laptop (14"" FHD Anti-Glare, Intel 4-Core i5-1135G7, 16GB RAM, 512GB SSD), Backlit Keyboard, Fingerprint, 2 x Thunderbolt 4, Webcam, 3-Year Warranty, Win 11 Pro, Black",https://m.media-amazon.com/images/I/61sBHNv9ILL._AC_UY218_.jpg,4.3 out of 5 stars,$899.
101,"HP 17 Laptop (17.3"" HD+ Touchscreen, Intel Pentium N5030, 16GB RAM, 512GB SSD, UHD Graphics) Home & Business, 1-Year Office 365, Long Battery Life, Webcam, Numpad, IST HDMI, Win 11 Home S Mode, Silver",https://m.media-amazon.com/images/I/71m05+h-hoL._AC_UY218_.jpg,4.2 out of 5 stars,$499.
102,"Alienware m18 AMD Gaming Laptop - 18-inch FHD+ (1920 x 1200) 480Hz 3ms Display, AMD Ryzen 9-7845HX, 32GB DDR5 RAM, 1TB SSD, NVIDIA GeForce RTX 4080 GDDR6, 1-Year Premium Support - Dark Metallic Moon",https://m.media-amazon.com/images/I/71ixrysoD1L._AC_UY218_.jpg,3.4 out of 5 stars,No Price mentioned
103,"ASUS Vivobook 15 Laptop, 15.6â€ FHD (1920 x 1080) Display, Intel Core i3-1215U CPU, Intel UHD Graphics, 8GB RAM, 128GB SSD, Windows 11 Home in S Mode, Quiet Blue, F1504ZA-AS34",https://m.media-amazon.com/images/I/71BVGVy9nQL._AC_UY218_.jpg,4.3 out of 5 stars,No Price mentioned
104,"Dell G15 5530 G-Series Gaming Laptop - 15.6-inch FHD 165Hz 3ms (1920x1080) Display, Intel Core i7-13650HX, 16GB DDR5 RAM, 1TB SSD, NVIDIA GeForce RTX 4060 8GB GDDR6, Windows 11 Home, Onsite Service",https://m.media-amazon.com/images/I/71ApWLaIWFL._AC_UY218_.jpg,4.0 out of 5 stars,No Price mentioned
105,"Dell 2024 Newest XPS 15 9530 Business Laptop, Microsoft Office Lifetime License & Win 11 Pro, Intel 10-Core i7-13620H, 15.6"" FHD+, 32GB DDR5, 1TB SSD, Arc Graphics A370M, Wi-Fi 6, Backlit KB",https://m.media-amazon.com/images/I/71vkuXlxH8L._AC_UY218_.jpg,4.1 out of 5 stars,No Price mentioned
106,"Samsung Galaxy Chromebook 2 XE530QDA-KA1US 13.3"" Touchscreen 2 in 1 Chromebook - Full HD - 1920 x 1080 - Intel Core i3 (10th Gen) i3-10110U 2.10 GHz - 8 GB RAM - Fiesta Red",https://m.media-amazon.com/images/I/71KVH4q7AqS._AC_UY218_.jpg,4.3 out of 5 stars,No Price mentioned
107,"ASUS TUF Gaming F15 Gaming Laptop, 15.6” 144Hz FHD Display, Intel Core i5-11400H Processor, GeForce RTX 2050, 8GB DDR4 RAM, 512GB PCIe SSD Gen 3, Wi-Fi 6, Windows 11, FX506HF-ES51,Graphite Black",https://m.media-amazon.com/images/I/91aWfctUptL._AC_UY218_.jpg,4.4 out of 5 stars,No Price mentioned
108,"Acer Nitro V Gaming Laptop | AMD Ryzen 7 8845HS Octa-Core AI Capable (Up to 16 TOPS) | NVIDIA GeForce RTX 4050 Laptop GPU (194 AI TOPS) | 14.5"" WUXGA 120Hz | 16GB DDR5 | 512GB Gen4 SSD | ANV14-61-R49G",https://m.media-amazon.com/images/I/71oOu3PIrCL._AC_UY218_.jpg,4.3 out of 5 stars,"$1,099."
109,"ThinkPad E16 Business Laptop (16"" FHD+ Touchscreen, AMD Ryzen 5 7530U, 16GB RAM, 512GB SSD, (8-Core Beat i7-1165G7)), Fingerprint, Backlit, FHD Webcam, WiFi 6, Ethernet, Win 11 Pro, 2024, Black",https://m.media-amazon.com/images/I/61W0t28YCUL._AC_UY218_.jpg,4.6 out of 5 stars,$699.
110,"Late 2019 Apple MacBook Pro with 2.6GHz Intel Core i7 (16-Inch, 16GB RAM, 512GB Storage) - Silver (Renewed)",https://m.media-amazon.com/images/I/619L9jf3-rL._AC_UY218_.jpg,4.2 out of 5 stars,No Price mentioned
111,"ASUS VivoBook 16 Laptop, 16” WUXGA (1920 x 1200) 16:10 Display, AMD Ryzen 9 7940HS CPU, AMD Radeon™ Graphics, 16GB RAM, 1TB SSD, Windows 11 Home, Cool Silver, M1605XA-EB96",https://m.media-amazon.com/images/I/71uxtzvj+OL._AC_UY218_.jpg,3.9 out of 5 stars,No Price mentioned
112,"ASUS VivoBook 16 Laptop, 16” WUXGA (1920 x 1200) 16:10 Display, AMD Ryzen 9 7940HS CPU, AMD Radeon™ Graphics, 16GB RAM, 1TB SSD, Windows 11 Home, Cool Silver, M1605XA-EB96",https://m.media-amazon.com/images/I/71uxtzvj+OL._AC_UY218_.jpg,3.9 out of 5 stars,No Price mentioned
113,"Alienware X16 R1 Gaming Laptop - 16-inch QHD+ 240Hz Display, Intel Core i9-13900HK, 32GB LPDDR5 RAM, 1TB SSD, NVIDIA GeForce RTX 4080 12GB GDDR6, Windows 11 Home - Lunar Silver",https://m.media-amazon.com/images/I/71WJ2jTqZgL._AC_UY218_.jpg,3.9 out of 5 stars,No Price mentioned
114,"HP 17 Laptop (17.3"" HD+ Anti-Glare, 64GB RAM, 2TB SSD, Intel Core i3-1125G4 (Beat i5-1035G4)) Home & Business Laptop, 9.5-Hr Long Battery Life, Webcam, Type-C, IST Cable, Win 11 Home, Silver",https://m.media-amazon.com/images/I/71e-u3fhaiL._AC_UY218_.jpg,4.4 out of 5 stars,$699.
115,"MSI Titan 18 HX 1” 120Hz MiniLED UHD+ Gaming Laptop: Intel Core i9-14900HX, NVIDIA Geforce RTX 4090, 128GB DDR5, 4TB NVMe SSD, 2X Thunderbolt 4, Cooler Boost 5, Win 11 Pro: Black A14VIG-036US",https://m.media-amazon.com/images/I/71mqyG75JxL._AC_UY218_.jpg,4.5 out of 5 stars,No Price mentioned
116,"HP High Performance Business Laptop - 17.3"" HD+ Touchscreen - 10-Core 12th Intel i7-1255U Iris Xe Graphics - 32GB DDR4-1TB SSD - WiFi 6 Bluetooth - Backlit Keyboard - Win 11 Pro w/ 32GB USB",https://m.media-amazon.com/images/I/611DiOFTVfL._AC_UY218_.jpg,4.2 out of 5 stars,No Price mentioned
117,"Dell Chromebook 11 3100 11.6"" Touchscreen 2 in 1 Chromebook - HD - 1366 x 768 - Intel Celeron N4020 Dual-Core (2 Core) - 4 GB RAM - 32 GB Flash Memory (Renewed)",https://m.media-amazon.com/images/I/61zTekYPPRL._AC_UY218_.jpg,4.2 out of 5 stars,No Price mentioned
118,"Dell Inspiron 15 3520 (2024) Business Laptop (15.6"" FHD Touchscreen IPS, Intel Core i5-1155G7, 16GB RAM, 512GB SSD) Numeric Keypad, Narrow-Bezel, Webcam, Inspiron 3000, Win 11 Home S, Carbon Black",https://m.media-amazon.com/images/I/71jp+BnLmzL._AC_UY218_.jpg,4.0 out of 5 stars,$494.
119,"Lenovo IdeaPad 3 11 Chromebook Laptop,11.6"" HD Display,Intel Celeron N4020, 4GB RAM, 64GB Storage, UHD Graphics 600, Chrome OS, Onyx Black",https://m.media-amazon.com/images/I/51iVT7XrGLL._AC_UY218_.jpg,4.3 out of 5 stars,No Price mentioned
120,"HP Laptop 15-dy2718nr, 11th Generation Intel® Core™ i7-1165G7, Intel® Iris® Xe Graphics, 12 GB DDR4, (15-dy2718nr, silver)",https://m.media-amazon.com/images/I/716tQiN+dNL._AC_UY218_.jpg,4.1 out of 5 stars,No Price mentioned
121,"Apple 2023 MacBook Air Laptop with M2 chip: 15.3-inch Liquid Retina Display, 8GB Unified Memory, 256GB SSD Storage, 1080p FaceTime HD Camera, Touch ID. Works with iPhone/iPad; Starlight",https://m.media-amazon.com/images/I/81UFHe-hH5L._AC_UY218_.jpg,4.7 out of 5 stars,No Price mentioned
122,"Samsung Chromebook 4 Chrome OS 11.6"" HD Intel Celeron Processor N4000 4GB RAM 32GB eMMC Gigabit Wi-Fi - XE310XBA-K01US",https://m.media-amazon.com/images/I/61UVAs3Qk-L._AC_UY218_.jpg,4.3 out of 5 stars,No Price mentioned
123,"ASUS Vivobook Pro 16X Laptop, 16” 16:10 Display, Intel Core i9-13980HX CPU, NVIDIA® GeForce® RTX™ 4070 GPU, 32GB RAM, 1TB SSD, Windows 11 Home, Earl Grey, K6604JI-AS99",https://m.media-amazon.com/images/I/51TFI2uGmQL._AC_UY218_.jpg,4.2 out of 5 stars,No Price mentioned
124,"Acer Chromebook Enterprise Spin 514 Convertible Laptop | AMD Ryzen 5 3500C | 14"" Full HD IPS Touch Display | 8GB DDR4 | 128GB SSD | microSD | Wi-Fi 5 | Backlit Keyboard | Chrome OS | CP514-1WH-R1H8",https://m.media-amazon.com/images/I/71xh0kttNaL._AC_UY218_.jpg,4.3 out of 5 stars,No Price mentioned
125,"Lenovo ThinkPad T14 Gen 4 21HD002BUS 14"" Notebook - WUXGA - 1920 x 1200 - Intel Core i7 13th Gen i7-1355U Deca-core (10 Core) - 16 GB Total RAM - 16 GB On-Board Memory - 512 GB SSD - Storm Gray",https://m.media-amazon.com/images/I/51-M2hK8wPL._AC_UY218_.jpg,5.0 out of 5 stars,No Price mentioned
126,"Lenovo 14e Chromebook 14"" AMD A4-9120C 4GB Ram 32GB eMMC Chrome OS (Renewed)",https://m.media-amazon.com/images/I/61+R6QjuWvL._AC_UY218_.jpg,4.0 out of 5 stars,No Price mentioned
127,"Lenovo ThinkBook 15 Gen 4 15.6"" FHD (12th Gen Intel 10-Core i7-1255U, 40GB RAM, 1TB PCIe SSD, Narrow Bezel IPS) Business Laptop, 1080p Webcam, Fingerprint, IST SD Card, Win 11 Pro, Grey - 2024",https://m.media-amazon.com/images/I/713agomBA8L._AC_UY218_.jpg,3.8 out of 5 stars,$759.
128,CamelBak H.A.W.G. Commute 30 Bike Backpack with Weatherproof Laptop Sleeve in Black,https://m.media-amazon.com/images/I/81CdmHe89PL._AC_UY218_.jpg,4.9 out of 5 stars,$118.
129,"Late-2018 Apple MacBook Air with Core i5 (13-inch, 8GB RAM, 256GB) (QWERTY English) Gold (Renewed)",https://m.media-amazon.com/images/I/51FJlZmqO8L._AC_UY218_.jpg,4.1 out of 5 stars,No Price mentioned
130,"GIGABYTE AORUS 15X: 15.6"" 16:9 Thin Bezel QHD 2560x1440 165Hz, NVIDIA GeForce RTX 4070 Laptop GPU 8GB GDDR6, Intel Core i9-13980HX, 16GB DDR5 RAM, 1TB SSD, Win11 Home (AORUS 15X ASF-D3US754SH), Black",https://m.media-amazon.com/images/I/712V5T++wLL._AC_UY218_.jpg,3.5 out of 5 stars,No Price mentioned
131,"Microsoft Surface Laptop 6 13.5"" Touchscreen Notebook - Intel Core Ultra 7 165H - 32 GB - 512 GB SSD - English Keyboard - Black",https://m.media-amazon.com/images/I/51sZ-qxGgLL._AC_UY218_.jpg,No Rating,No Price mentioned
132,"Lenovo ThinkBook 15 Business Laptop (15.6"" FHD Anti-Glare, 16GB RAM, 512GB SSD, AMD Ryzen 7 5825U (> i7-1165G7)), FHD Webcam w/ Shutter, Military Grade, Fingerprint, Ethernet, Win 11 Pro, Grey, 2024",https://m.media-amazon.com/images/I/71muP+Lh00L._AC_UY218_.jpg,4.2 out of 5 stars,$649.
133,"[2021 Version]ASUS Vivobook Laptop L210 11.6” ultra thin, Intel Celeron N4020 Processor, 4GB RAM, 64GB eMMC storage, Windows 10 Home in S mode with One Year of Office 365 Personal, L210MA-DB01",https://m.media-amazon.com/images/I/81fstJkUlaL._AC_UY218_.jpg,4.3 out of 5 stars,No Price mentioned
134,"Lenovo 2023 V15 G3 15.6"" FHD Business Laptop Computer, 12th Gen Intel 10 Cores i5-1235U (Beat i7-1195G7), 24GB DDR4 RAM, 2TB PCIe SSD, 802.11AC WiFi, Bluetooth 5.1, Windows 11 Pro, AZ-XUT Cable",https://m.media-amazon.com/images/I/71i8BFepTWL._AC_UY218_.jpg,4.4 out of 5 stars,No Price mentioned
135,"ASUS TUF Dash 15 (2022) Gaming Laptop, 15.6"" 144Hz FHD Display, Intel Core i7-12650H, GeForce RTX 3060, 16GB DDR5, 512GB SSD, Thunderbolt 4, Windows 11 Home, Off Black, FX517ZM-AS73",https://m.media-amazon.com/images/I/619dIEKft6L._AC_UY218_.jpg,4.5 out of 5 stars,No Price mentioned
136,"Lenovo IdeaPad Slim 3 14"" Chromebook Laptop (14"" FHD Touchscreen, 8-Core MediaTek Kompanio 520, 4GB RAM, 128GB(64GB eMMC+64GB SD)), Webcam, 13.5-Hrs Long-Battery Life, IST Card, Chrome OS, Abyss Blue",https://m.media-amazon.com/images/I/71t3j-fLB6L._AC_UY218_.jpg,4.4 out of 5 stars,$249.
137,"ASUS VivoBook S14 S433 Thin and Light Laptop, 14” FHD Display, Intel Core i5-1135G7 CPU, 8GB DDR4 RAM, 512GB SSD, Thunderbolt 3, Wi-Fi 6, Windows 10, AI Noise-Cancellation, Indie Black, S433EA-DH51",https://m.media-amazon.com/images/I/71j0pivD-pL._AC_UY218_.jpg,3.9 out of 5 stars,No Price mentioned
138,"HP 14 Laptop, Intel Celeron N4020, 4 GB RAM, 64 GB Storage, 14-inch HD Touchscreen, Windows 11 Home, Thin & Portable, 4K Graphics, One Year of Microsoft 365 (14-dq0050nr, Indigo Blue)",https://m.media-amazon.com/images/I/81lFbTxpl6S._AC_UY218_.jpg,4.2 out of 5 stars,No Price mentioned
139,"Lenovo ThinkPad E16 Business Laptop (16"" FHD+ Display, Intel 13th Gen i5-1335U, 16GB RAM, 512GB SSD), Backlit Keyboard, Fingerprint Reader, FHD Webcam, Ethernet, Wi-Fi 6, Win 11 Pro, Black, 2024",https://m.media-amazon.com/images/I/71cpfnkmXyL._AC_UY218_.jpg,4.2 out of 5 stars,No Price mentioned
140,"HP - Pavilion x360 2-in-1 14"" Touch-Screen Laptop - Intel Core i5-8GB Memory - 512GB SSD - Natural Silver - Mode 14-ek0033dx",https://m.media-amazon.com/images/I/81BLK5ExrbL._AC_UY218_.jpg,4.2 out of 5 stars,No Price mentioned
141,"Lenovo 2024 IdeaPad 1 Laptop, 15.6"" Students Laptop with Microsoft Office Lifetime License, AMD Athlon Silver 7120U, 4GB LPDDR5 RAM, 256GB SSD, Wi-Fi 6, Anti-Glare, SD Card Reader, Win 11 Home S",https://m.media-amazon.com/images/I/71IcjTk3CVL._AC_UY218_.jpg,4.8 out of 5 stars,No Price mentioned
142,"Apple 2024 MacBook Air 13-inch Laptop with M3 chip: 8GB Memory, 512GB Storage; Midnight with AppleCare+ (3 Years)",https://m.media-amazon.com/images/I/61JJlVirlnL._AC_UY218_.jpg,4.7 out of 5 stars,No Price mentioned
143,"HP 14-inch Chromebook HD Touchscreen Laptop PC (Intel Celeron N3350 up to 2.4GHz, 4GB RAM, 32GB Flash Memory, WiFi, HD Camera, Bluetooth, Up to 10 hrs Battery Life, Chrome OS , Black)",https://m.media-amazon.com/images/I/51IPtkxiEZL._AC_UY218_.jpg,4.5 out of 5 stars,No Price mentioned
144,"HP ENVY x360 Convertible 15-inch Laptop, AMD Ryzen 7 5825U processor, AMD Radeon Graphics, 8 GB RAM, 512 GB SSD, Windows 11 Home (15-eu1026nr, Nightfall black aluminum)",https://m.media-amazon.com/images/I/81ZtiFciwrL._AC_UY218_.jpg,4.4 out of 5 stars,No Price mentioned
145,"12 in 1 USB C Hub with 2 HDMI, DP, 100W PD, 3 USB 3.0 Ports, SD/TF Card Reader for Triple 4K Monitor Setup, Mac OS Only Support Mirror Mode",https://m.media-amazon.com/images/I/61a21fbF7kL._AC_UY218_.jpg,5.0 out of 5 stars,$32.
146,"Microsoft Surface Laptop SE CELERON 8GB RAM 128GB SSD, Glacier",https://m.media-amazon.com/images/I/510OqhNB6oL._AC_UY218_.jpg,No Rating,No Price mentioned
147,"ASUS C424MA-AS48F Chromebook C424, 14.0"" 180 Degree FHD NanoEdge Display, Intel Dual Core Celeron Processor, 4GB LPDDR4 RAM, 128GB Storage, Silver Color, C424MA-AS48F",https://m.media-amazon.com/images/I/71DL+S6ihBL._AC_UY218_.jpg,4.3 out of 5 stars,No Price mentioned
148,"HP [Windows 11 Pro 15.6"" FHD Business Laptop Computer, Intel Core i5-1135G7, 16GB RAM 512GB SSD, w/Hub",https://m.media-amazon.com/images/I/71+WryrZoJL._AC_UY218_.jpg,3.8 out of 5 stars,No Price mentioned
149,"HP Newest Victus 16.1 Ryzen 7 RTX 4070 Extreme Gaming Laptop, 16.1"" FHD 144Hz, AMD Ryzen 7 8845HS (Beats i7-1355U), NVIDIA GeForce RTX 4070, 64GB DDR5 RAM, 2TB SSD, HDMI, Wi-Fi 6, Windows 11 Home",https://m.media-amazon.com/images/I/71jIQIaTWgL._AC_UY218_.jpg,3.5 out of 5 stars,No Price mentioned
150,"Lenovo IdeaPad 3 15.6"" FHD Touchscreen Laptop (16GB RAM, 512GB SSD, Intel Core i3 (> i5-1035G7)) Narrow Bezel, Webcam, 12-Hr Long Battery Life, NumPad, IST SD, Win 11 Home in S, Home & School - Grey",https://m.media-amazon.com/images/I/61y1FseGRxL._AC_UY218_.jpg,4.2 out of 5 stars,$429.
151,ASUS Laptop L210 11.6 in Display Intel N4020 Processor 4GB RAM 64GB eMMC Chrome (Renewed),https://m.media-amazon.com/images/I/71PFdmjfUCL._AC_UY218_.jpg,3.7 out of 5 stars,$139.
152,"ASUS ROG Strix G16 (2023) Gaming Laptop, 16” 16:10 FHD 165Hz, GeForce RTX 4070, Intel Core i9-13980HX, 16GB DDR5, 1TB PCIe SSD, Wi-Fi 6E, Windows 11, G614JI-AS94, Eclipse Gray",https://m.media-amazon.com/images/I/71v0BQo8T8L._AC_UY218_.jpg,4.3 out of 5 stars,No Price mentioned
153,"HP 15.6 inch Laptop, Intel Core i5-1135G7 Processor, 15.6"" FHD Anti-Glare LED Display, HDMI, Wi-Fi and Bluetooth, Lightweight Design, Fast Charge, Windows 11 Home (32GB RAM | 1TB SSD)",https://m.media-amazon.com/images/I/71KQlw+d-yL._AC_UY218_.jpg,3.7 out of 5 stars,$521.
154,"HP Laptops 15.6 inch HD Display, Windows 11 Laptop Computer for Students and Business, Intel Quad-Core Pentium N200 (Beat i5-8250U), 8GB RAM, 128GB Storage, Natural Silver,Alpacatec 32GB USB Card",https://m.media-amazon.com/images/I/71Tks1WeiOL._AC_UY218_.jpg,3.8 out of 5 stars,$293.
155,"HP Chromebook 14-inch HD Laptop, Intel Celeron N4000, 4 GB RAM, 32 GB eMMC, Chrome (14a-na0020nr, Ceramic White)",https://m.media-amazon.com/images/I/91XR+02AJBL._AC_UY218_.jpg,4.4 out of 5 stars,No Price mentioned
156,"HP 17.3"" HD Plus Laptop, for Business and Students, Intel Quad Core, 16GB RAM, 1TB NVMe SSD, Fullsize Keyboard, HDMI, Rapid Charge, Type-C, Windows 11 with Bundled Accessories",https://m.media-amazon.com/images/I/81N9gJ8ULIL._AC_UY218_.jpg,4.5 out of 5 stars,$475.
157,"ASUS Vivobook Go 14 L410 Ultra Thin Laptop, 14â€ FHD Display, Intel Celeron N4020 Processor, 4GB RAM, 64GB eMMC, NumberPad, Windows 11 Home in S Mode, 1 Year Microsoft 365, Star Black, L410MA-AH02",https://m.media-amazon.com/images/I/71RDNz9y4aL._AC_UY218_.jpg,3.6 out of 5 stars,No Price mentioned
158,"Lenovo IdeaPad 15.6"" FHD Touchscreen Laptop, Intel Core i5-1135G7 Quad-Core Processor (Beats i7-1065G7), Intel Iris Xe Graphics, Long Battery Life, Windows 11 (20GB RAM | 1TB PCIe SSD)",https://m.media-amazon.com/images/I/71Afp-c3RqL._AC_UY218_.jpg,3.8 out of 5 stars,$525.
159,"Dell Inspiron 16 5635 Laptop - AMD Ryzen 7-7730U, QHD 16 inch, 16GB LPDDR4x RAM, 1TB SSD, AMD Radeon Graphics, Windows 11 Home, 1 Year Premium Support - Platinum Silver",https://m.media-amazon.com/images/I/71OoFTrVZxL._AC_UY218_.jpg,4.2 out of 5 stars,No Price mentioned
160,"HP Envy Laptop, 17.3"" Full HD Touchscreen, 12th Gen Intel Core i7-1260P, 16GB DDR4 RAM, 1TB PCIe SSD, IR Camera, HDMI, Backlit Keyboard, Wi-Fi 6, Windows 11 Home, Silver",https://m.media-amazon.com/images/I/71PztFRhT-L._AC_UY218_.jpg,4.2 out of 5 stars,No Price mentioned
161,"HP Newest 17t Laptop, 17.3'' HD+ Touchscreen, Intel Core i7-1165G7 Processor, 32GB DDR4 RAM, 1TB PCIe SSD, Backlit Keyboard, HDMI, Windows 11 Home, Silver",https://m.media-amazon.com/images/I/81w8rwWYg6L._AC_UY218_.jpg,4.1 out of 5 stars,No Price mentioned
162,"HP Newest 17t Laptop, 17.3'' HD+ Touchscreen, Intel Core i7-1165G7 Processor, 32GB DDR4 RAM, 1TB PCIe SSD, Backlit Keyboard, HDMI, Windows 11 Home, Silver",https://m.media-amazon.com/images/I/81w8rwWYg6L._AC_UY218_.jpg,4.1 out of 5 stars,No Price mentioned
163,"HP Pavilion Plus 14 inch Laptop, 2.8K OLED Display, 13th Generation Intel Core i7-1355U, 16 GB RAM, 1 TB SSD, NVIDIA GeForce RTX 2050 Graphics, Windows 11 Pro, 14-eh1299nr (2023)",https://m.media-amazon.com/images/I/717lfaecwBL._AC_UY218_.jpg,4.2 out of 5 stars,No Price mentioned
164,"Microsoft Surface Laptop Go 3 12.4"" Touchscreen Notebook - Intel Core i5-8 GB - 128 GB SSD - English Keyboard - Platinum",https://m.media-amazon.com/images/I/517O9Q-KghL._AC_UY218_.jpg,No Rating,No Price mentioned
165,"Acer Chromebook Plus 514 Laptop with Google AI – 14"" Full HD 1920 x 1080 IPS Display | Intel Core i3-N305 | 8GB LPDDR5 | 128GB SSD | Wi-Fi 6E | FHD Camera | Chrome OS | CB514-4H-38JA",https://m.media-amazon.com/images/I/71TxZ8W9pzL._AC_UY218_.jpg,4.1 out of 5 stars,No Price mentioned
166,"ASUS ROG Strix G16 (2023) Gaming Laptop, 16” Nebula Display 16:10 QHD 240Hz, GeForce RTX 4070, Intel Core i9-13980HX, 32GB DDR5, 1TB PCIe SSD, Wi-Fi 6E, Windows 11 Pro, G614JI-XS96,Eclipse Gray",https://m.media-amazon.com/images/I/81Ql+nOEynL._AC_UY218_.jpg,4.3 out of 5 stars,No Price mentioned
167,"HP 2020 Flagship 14 Chromebook Laptop Computer 14"" HD SVA Anti-Glare Display Intel Celeron N5000 Processor 4GB DDR4 64GB eMMC Backlit WiFi Webcam Chrome OS",https://m.media-amazon.com/images/I/81fE1juNAfL._AC_UY218_.jpg,4.2 out of 5 stars,No Price mentioned
168,"Microsoft Surface Laptop 6 15"" Touchscreen Notebook - Intel Core Ultra 7-16 GB - 256 GB SSD - English Keyboard - Black",https://m.media-amazon.com/images/I/51V1h57gb9L._AC_UY218_.jpg,No Rating,No Price mentioned
169,"Acer Aspire 5 A515-56-32DK Slim Laptop - 15.6"" Full HD IPS Display - 11th Gen Intel i3-1115G4 Dual Core Processor - 4GB DDR4 - 128GB NVMe SSD - WiFi 6 - Amazon Alexa - Windows 11 Home in S mode.",https://m.media-amazon.com/images/I/71pvhTrmZDL._AC_UY218_.jpg,4.3 out of 5 stars,No Price mentioned
170,"ASUS Vivobook 14"" HD Touch Screen Laptop Computer, 11th Gen Intel Core i3-1115G4, 8GB Memory, 128GB SSD, Intel UHD Graphics, Windows 11 Home, Silver - X1400EA-I38128",https://m.media-amazon.com/images/I/61BcPnGqEaL._AC_UY218_.jpg,3.5 out of 5 stars,No Price mentioned
171,"Acer Chromebook 516 GE 16'' QHD (Intel 12th Gen Core i5-1240P, 8GB RAM, 512GB PCIe SSD, RGB Backlit) Cloud Gaming & Business Laptop, WiFi 6E, RJ45, FHD, IST Cable, Chrome OS - 2023, Titanium Gray",https://m.media-amazon.com/images/I/71qNTRNjC-L._AC_UY218_.jpg,3.8 out of 5 stars,$549.
172,"HP Chromebook 15 Laptop (15.6"" Narrow-Bezel, Intel N200(> Pentium N6000), DDR5 8GB RAM, 128GB(64GB+64GB) Home & Student, Numeric Keyboard, Long Battery Life, IST SD, Chrome OS, Webcam, WiFi, Silver",https://m.media-amazon.com/images/I/61Ua0cy24nL._AC_UY218_.jpg,4.5 out of 5 stars,No Price mentioned
173,"Lenovo Chromebook C330 2-in-1 Convertible Laptop, 11.6"" HD Display, MediaTek MT8173C, 4GB RAM, 64GB Storage, Chrome OS, Blizzard White",https://m.media-amazon.com/images/I/61kOhDFndlL._AC_UY218_.jpg,4.5 out of 5 stars,No Price mentioned
174,HP 15.6-Inch HD Pentium N200 1.8GHz Intel UHD Graphics 4GB RAM 128 SSD Windows 11 Laptop with 1-Year Microsoft 365 (Scarlet Red),https://m.media-amazon.com/images/I/61L1SNCEeCL._AC_UY218_.jpg,3.9 out of 5 stars,No Price mentioned
175,"HP Chromebook 11-inch Laptop - MediaTek - MT8183 - 4 GB RAM - 32 GB eMMC Storage - 11.6-inch HD Display - with Chrome OS™ - (11a-na0010nr, 2020 model)",https://m.media-amazon.com/images/I/81EY2GIfktL._AC_UY218_.jpg,4.4 out of 5 stars,No Price mentioned
176,"Lenovo ThinkBook 15 Gen 4 Business Laptop (15.6"" IPS FHD Touchscreen, Intel 10-Core i7-1255U, 16GB RAM, 512GB SSD), FHD Webcam, Narrow Bezel, Backlit, Fingerprint, Thunderbolt 4, Win 11 Pro, Grey",https://m.media-amazon.com/images/I/71x3GNphKbL._AC_UY218_.jpg,4.1 out of 5 stars,$899.
177,"HP Stream 11.6-inch HD Laptop, Intel Celeron N4000, 4 GB RAM, 32 GB eMMC, Windows 10 Home in S Mode with Office 365 Personal for 1 Year (11-ak0010nr, Royal Blue)",https://m.media-amazon.com/images/I/51bgdBtsbxL._AC_UY218_.jpg,4.2 out of 5 stars,No Price mentioned
178,"Microsoft Surface Laptop Studio 2 (2023) - 14.4"" Touchscreen - Intel Core i7, 16GB RAM, 512GB SSD, NVIDIA GeForce RTX 4050, Windows 11, Platinum Color Copilot",https://m.media-amazon.com/images/I/61vqI0vw94L._AC_UY218_.jpg,4.1 out of 5 stars,No Price mentioned
179,"HP 2023 Newest Laptop Pavilion 17.3"" HD+ Laptop Computer, AMD Ryzen 3 7320U(Up to 4.1GHz, Beat i3-1125G4), AMD Radeon Graphics, 8GB DDR5 RAM, 1TB NVMe SSD, WiFi 6, HDMI, Numeric Keypad, Windows 11",https://m.media-amazon.com/images/I/61SSAt4EirL._AC_UY218_.jpg,3.4 out of 5 stars,$435.
180,"Lenovo Ideapad 1 Laptop, 15.6"" HD Screen, AMD Athlon Silver 3050U, 8GB RAM, 256GB PCIe SSD + 128GB eMMC, Webcam, HDMI, Type-C, Wi-Fi 6, Media Card Reader, Windows 11 Home",https://m.media-amazon.com/images/I/61iPwyl3XeL._AC_UY218_.jpg,3.8 out of 5 stars,$288.
181,"HP 15 Pavilion Laptop (15.6"""" HD Touchscreen, Intel Core i3-1115G4 (> i5-1035G4), 16GB RAM, 512GB SSD) Narrow-Bezel, Long Battery Life, Webcam, Numpad, Fast Charge, Win 11 Home, Silver",https://m.media-amazon.com/images/I/71s2OulXAKL._AC_UY218_.jpg,4.3 out of 5 stars,$399.
182,"Dell Latitude 5520 Laptop | 15.6"" 1366x768 HD | Core i7-1185G7-1TB SSD Hard Drive - 32GB RAM | 4 cores @ 4.4 GHz Win 11 Pro Black (Renewed)",https://m.media-amazon.com/images/I/61BHU0sGK9S._AC_UY218_.jpg,No Rating,No Price mentioned
183,"Lenovo Ideapad 1i for Student & Education Laptop (14"" HD, Intel Dual-Core Celeron N4020, 4GB DDR4 RAM, 128GB SSD) UHD Graphics, Anti-Glare, Webcam, Wi-Fi 6, Type-C, Win 11 Home in S Mode, Grey",https://m.media-amazon.com/images/I/61ee8vrdB2L._AC_UY218_.jpg,4.0 out of 5 stars,$199.
184,"HP Chromebook 11-inch Laptop - Up to 15 Hour Battery Life - MediaTek - MT8183 - 4 GB RAM - 32 GB eMMC Storage - 11.6-inch HD Display - with Chrome OS™ - (11a-na0021nr, 2020 model, Snow White)",https://m.media-amazon.com/images/I/716Daz3br+L._AC_UY218_.jpg,4.4 out of 5 stars,No Price mentioned
185,"Dell Precision 7000 7670 Mobile Workstation (NVIDIA RTX A2000 8GB GPU, 16"" FHD+, Intel 16-Core i9-12950HX, 64GB DDR5, 1TB SSD) Laptop for Business, Designer, Architect, Win 11 Pro, 3-YR WRT, Grey",https://m.media-amazon.com/images/I/713TW+vNo+L._AC_UY218_.jpg,4.0 out of 5 stars,No Price mentioned
186,"Lenovo IdeaPad 3 15 Laptop, 15.6"" HD Display, AMD Ryzen 3 3250U, 4GB RAM, 128GB Storage, AMD Radeon Vega 3 Graphics, Windows 10 in S Mode",https://m.media-amazon.com/images/I/71arQOG5qPL._AC_UY218_.jpg,4.5 out of 5 stars,No Price mentioned
187,"Microsoft Surface Laptop 6 15"" Touchscreen Notebook - Intel Core Ultra 7 165H - 32 GB - 512 GB SSD - English Keyboard - Platinum",https://m.media-amazon.com/images/I/51HgLkRj2jL._AC_UY218_.jpg,No Rating,No Price mentioned
188,"Apple 2024 MacBook Air 15-inch Laptop with M3 chip: 8GB Memory, 512GB Storage; Starlight with AppleCare+ (3 Years)",https://m.media-amazon.com/images/I/61IU99MrvIL._AC_UY218_.jpg,4.7 out of 5 stars,"$1,428."
189,"2024 Apple MacBook Air with Apple M3 Chip (13-inch, 8GB RAM, 256GB SSD Storage) (QWERTY English) Space Gray (Renewed)",https://m.media-amazon.com/images/I/71ItMeqpN3L._AC_UY218_.jpg,5.0 out of 5 stars,No Price mentioned
190,"HP 14-fq0032ms Laptop for Business and Student, 14"""" LED Touchscreen, AMD Ryzen 3 3250U Processor(up to 3.5 GHz), 8GB RAM, 128GB SSD, Webcam, WiFi, Ethernet, HDMI, USB-A&C, Win10, Natural Silver",https://m.media-amazon.com/images/I/716CXZDcoQL._AC_UY218_.jpg,4.3 out of 5 stars,$329.
191,"ASUS ROG Strix G17 Gaming Laptop, 17.3"" 300Hz IPS Type FHD, NVIDIA GeForce RTX 3070 GPU, AMD Ryzen 9 5900HX Processor, RGB Keyboard, 16GB RAM | 512GB PCIe SSD+Tikbot Accessories",https://m.media-amazon.com/images/I/81LAyI4f-eS._AC_UY218_.jpg,4.1 out of 5 stars,No Price mentioned
192,"HP ProBook 450 G9 15.6"" Notebook - Full HD - 1920 x 1080 - Intel Core i5 12th Gen i5-1235U Deca-core (10 Core) 1.30 GHz - 16 GB Total RAM - 256 GB SSD - Silver",https://m.media-amazon.com/images/I/5183OLPiVyL._AC_UY218_.jpg,5.0 out of 5 stars,No Price mentioned
193,"SAMSUNG Galaxy Book 4 Business Copilot AI PC Laptop 15.6"" FHD Intel 10-core Ultra 7 150U (>i7-1335U) 16GB RAM 512GB SSD Backlit Fingerprint USB-C Long-Lasting Battery Win11 Silver",https://m.media-amazon.com/images/I/71H6RKOr9rL._AC_UY218_.jpg,4.6 out of 5 stars,No Price mentioned
194,"Lenovo 600 Bluetooth Silent Mouse, Blue Optical Sensor, Adjustable DPI, 4 Button, Microsoft Swift Pair, Windows, Chrome, GY50X88832, Gray",https://m.media-amazon.com/images/I/51rbID42liL._AC_UY218_.jpg,4.5 out of 5 stars,$18.
195,"SAMSUNG Galaxy Book 4 Business Copilot AI PC Laptop 15.6"" FHD Intel 10-core Ultra 7 150U (>i7-1335U) 16GB RAM 512GB SSD Backlit Fingerprint USB-C Long-Lasting Battery Win11 Silver",https://m.media-amazon.com/images/I/71H6RKOr9rL._AC_UY218_.jpg,4.6 out of 5 stars,No Price mentioned
196,"Razer Blade 14 Gaming Laptop: AMD Ryzen 9 7940HS CPU - NVIDIA GeForce RTX 4070 GPU - 14"" 16:10 QHD+ 240Hz -32GB DDR5 RAM - 1TB SSD - Windows 11 - Vapor Chamber Cooling - Chroma RGB - Mercury",https://m.media-amazon.com/images/I/71PhZMjujRL._AC_UY218_.jpg,4.3 out of 5 stars,No Price mentioned
197,"HP 15 Laptop for Business and Home (15.6"" FHD Anti-Glare, Intel Core i5-1135G7 (Beats i7-10510U), 32GB RAM, 1TB SSD), Narrow-Bezel, Long Battery Life, Webcam, Numpad, IST SD Card, Win 11 Pro, Silver",https://m.media-amazon.com/images/I/71AOuo4oxoL._AC_UY218_.jpg,5.0 out of 5 stars,$629.
198,"Lenovo ThinkPad X13s 5G (512GB, 16GB) 13.3"" Windows Touch Laptop, Snapdragon 8cx Gen 3, US 5G / Global 4G LTE (Fully Unlocked for AT&T, T-Mobile, Verizon, Global) (Thunder Black) (Renewed)",https://m.media-amazon.com/images/I/51YLh9x94hL._AC_UY218_.jpg,3.6 out of 5 stars,$699.
199,"Dell Newest Vostro 3520 Business Laptop, 15.6"" HD Display, Intel Core i5-1135G7 Processor, 8GB DDR4 RAM, 256GB PCIe SSD, Webcam, HDMI, Wi-Fi, Windows 11 Pro, Black",https://m.media-amazon.com/images/I/71IpQj+PIfL._AC_UY218_.jpg,4.8 out of 5 stars,No Price mentioned
200,"Toughbook Panasonic 54, CF-54 MK3, 14-inch FHD, Gloved Multi-Touch, Intel Core i5-7300U @ 2.60GHz, 16GB RAM, 256GB SSD, 4G LTE, Webcam, Backlit Keyboard, Windows 10 Pro (Renewed)",https://m.media-amazon.com/images/I/71v4WTiDJFL._AC_UY218_.jpg,5.0 out of 5 stars,No Price mentioned
201,"Lenovo IdeaPad 3 3i Laptop (15.6"" FHD Touchscreen, Intel Core i5-1155G7, 16GB RAM, 1TB SSD) Narrow Bezel, Webcam, 12-Hr Long Battery Life, Wi-Fi 6, IST SD, Win 11 Pro, Business & Home, Abyss Blue",https://m.media-amazon.com/images/I/81IcSctCVJL._AC_UY218_.jpg,4.6 out of 5 stars,$629.
202,"HP 15 Laptop (15.6"" FHD Anti-glare, Intel Core i5-1135G7 (Beats i7-10510U), 16GB RAM, 512GB SSD) Home & Business PC, Narrow-Bezel, 10-Hr Long Battery Life, Type-C, Webcam, Numpad, Win 11 Home, Silver",https://m.media-amazon.com/images/I/61d-BxDbTpL._AC_UY218_.jpg,4.0 out of 5 stars,$499.
203,"ASUS Vivobook 16X OLED Laptop, 16” 3.2K 120Hz Display, Intel Core i9-13900H CPU, NVIDIA Geforce RTX 4050 GPU, 16GB RAM, 1TB SSD, Windows 11 Home, Indie Black, K3605VU-ES94",https://m.media-amazon.com/images/I/71w6CQgdQHL._AC_UY218_.jpg,4.2 out of 5 stars,No Price mentioned
204,"Lenovo Thinkpad E16 Gen 2 Business Laptop 16.0"" IPS WUXGA Display (AMD Ryzen 5 7535U, 16GB DDR5, 512GB PCIe SSD, Backlit KYB, Fingerprint, WiFi 6E, BT 5.3, Win 11 Pro) w/DKZ Hub USB Port Expander",https://m.media-amazon.com/images/I/71zi9VuEoeL._AC_UY218_.jpg,5.0 out of 5 stars,No Price mentioned
205,"Dell Latitude 5410 Laptop PC Intel Core i5-10210U 10th Gen Processor, 16GB Ram, 512GB NVMe SSD, Type C, HDMI, Webcam, Windows 10 Pro (Renewed)",https://m.media-amazon.com/images/I/71KJTcGPPcL._AC_UY218_.jpg,5.0 out of 5 stars,No Price mentioned
206,"hp Stream 14 inch Laptop for Student and Business, Intel Quad-Core Processor, 16GB RAM, 320GB Storage (64GB eMMC + 256GB Card no SD Port), 1-Year Office 365, Webcam, Long Battery Life, Win11 H",https://m.media-amazon.com/images/I/71DNyQ1rf4L._AC_UY218_.jpg,4.4 out of 5 stars,No Price mentioned
207,"HP 15 Laptop (15.6"" HD Display, AMD Ryzen 3 5300U (Beats i5-11300H), 32GB RAM, 1TB SSD) Home & Business Laptop, Narrow-Bezel, Long Battery Life, Webcam, Numpad, IST SD Card, Win 11 Home, Silver",https://m.media-amazon.com/images/I/71gUdu+tTqL._AC_UY218_.jpg,4.4 out of 5 stars,$499.
208,"Apple 2022 MacBook Air Laptop with M2 chip: 13.6-inch Liquid Retina Display, 8GB RAM, 256GB SSD Storage; Silver with AppleCare+ (3 Years)",https://m.media-amazon.com/images/I/61bva++xZYL._AC_UY218_.jpg,4.7 out of 5 stars,$888.
209,"Lenovo Yoga 7i 2-in-1 16"" 2K Touchscreen Laptop, Intel Ultra 5 125U, 16GB LPDDR5X, 2.28TB Storage(2TB SSD +288GB Docking Station Set), Backlit Keyboard, Fingerprint Reader, WiFi 6E, Win 11 Pro, Grey",https://m.media-amazon.com/images/I/81Cv5UW31GL._AC_UY218_.jpg,4.1 out of 5 stars,No Price mentioned
210,"Lenovo ideapad 3i Laptop, 15.6"" Full HD Touchscreen Laptop, Intel Core i7-1255U, 16GB RAM, 512GB PCIe NVMe SSD, Windows 11 Home, Grey, Alpacatec 32GB Card",https://m.media-amazon.com/images/I/61CUoXL8MsL._AC_UY218_.jpg,5.0 out of 5 stars,$609.
211,HP 17z-cp200 17.3-inch HD+ Laptop Computer RGB AMD Athlon Gold AMD Radeon Graphics 8GB DDR4 RAM 128GB SSD BrightView SVA 250 nits WiFi Bluetooth USB Type-C HDMI Windows 11 Home Jet Black (Renewed),https://m.media-amazon.com/images/I/714sfNSLZDL._AC_UY218_.jpg,No Rating,$289.
212,"Asus ZenBook 14 14X OLED 14.5/inch QHD+(2880x1800)120Hz Touchscreen(Intel 13th Gen i5-13500H(Beat i7-1250U),8GB RAM,2TB SSD) Laptop,NumberPad,Backlit,FHD Webcam,IST HDMI,Win 11 Home Inkwell Gray",https://m.media-amazon.com/images/I/81hE4CpHUjL._AC_UY218_.jpg,No Rating,$799.
213,"Microsoft Surface Laptop (2024), Windows 11 Copilot+ PC, 13.8"" Touchscreen Display, Snapdragon X Plus (10 core), 16GB RAM, 512GB SSD Storage, Black",https://m.media-amazon.com/images/I/51zcnexh-aL._AC_UY218_.jpg,No Rating,"$1,268."
214,"HP Notebook 14 Laptop, 14"" HD Display, Intel Core i5-1135G7 (Beats i7-1065G7), 16GB DDR4 Memory, 1TB SSD, Webcam, USB Type-C, HDMI, WiFi, Long Battery Life Up to 9 Hours, TiTac, Windows 11",https://m.media-amazon.com/images/I/51Mat4UshZL._AC_UY218_.jpg,4.0 out of 5 stars,$549.
215,"MSI Stealth 17 Studio 17.3"" QHD 240Hz Gaming Laptop: 13th Gen Intel Core i9, RTX 4080, 32GB DDR5, 1TB NVMe SSD, Thunderbolt 4, USB-Type C, Cooler Boost Trinity+, Win11 Home: Core Black A13VH-053US",https://m.media-amazon.com/images/I/714fL2+tNuL._AC_UY218_.jpg,4.1 out of 5 stars,No Price mentioned
216,"Dell Latitude 5420 Rugged Laptop, 14 FHD (1920 x 1080) Touchscreen, Intel Core 8th Gen i5-8350U, 16GB SDRAM RAM, 512GB SSD, Windows 10 Pro (Renewed)",https://m.media-amazon.com/images/I/41PqBATOKKL._AC_UY218_.jpg,5.0 out of 5 stars,$629.
217,"HP ProBook 445 G11 14"" Notebook - WUXGA - AMD Ryzen 7 7735U - 16 GB - 512 GB SSD - English Keyboard - Pike Silver Aluminum",https://m.media-amazon.com/images/I/51H2qZk8RsL._AC_UY218_.jpg,No Rating,$999.
218,"HP ProBook 460 G11 16"" Notebook - WUXGA - Intel Core Ultra 7 155U - vPro Technology - 16 GB - 512 GB SSD - English Keyboard - Pike Silver Aluminum",https://m.media-amazon.com/images/I/61iP7TymiPL._AC_UY218_.jpg,No Rating,$899.
219,"Microsoft Surface Laptop (2024), Windows 11 Copilot+ PC, 13.8"" Touchscreen Display, Snapdragon X Plus (10 core), 16GB RAM, 256GB SSD Storage, Platinum",https://m.media-amazon.com/images/I/51Ql-gPdsTL._AC_UY218_.jpg,No Rating,"$1,014."
220,"HP Flagship Chromebook 14 HD Student Laptop, Intel Pentium Quad-Core N4120 Processor, 4GB RAM, 64GB eMMC, Wi-Fi 5, Webcam, Bluetooth, Zoom Meeting, Chrome OS, w/GM Accessory",https://m.media-amazon.com/images/I/71v0D7QmqzL._AC_UY218_.jpg,4.0 out of 5 stars,$195.
221,"Lenovo 100e Chromebook Gen 4 11.6"" HD Touchscreen Laptop, Intel N100 0.8GHz, 8GB RAM, 64GB eMMC, ChromeOS, Graphite Gray",https://m.media-amazon.com/images/I/61cI3BHVtuL._AC_UY218_.jpg,No Rating,No Price mentioned
222,"HP 2023 Latest Envy 17T Premium Laptop, 17.3"" FHD Touchscreen, Intel Core i7-13700H, 32GB RAM, 1TB SSD, Webcam, HDMI, Wi-Fi 6, Backlit Keyboard, Windows 11 Home, Grey",https://m.media-amazon.com/images/I/61Tv+2kMuFL._AC_UY218_.jpg,3.8 out of 5 stars,No Price mentioned
223,"HP Chromebook 11-inch Laptop - MediaTek - MT8183 - 4 GB RAM - 32 GB eMMC Storage - 11.6-inch HD IPS Touchscreen - with Chrome OS™ - (11a-na0050nr, 2020 model, Snow White)",https://m.media-amazon.com/images/I/812RQd3U1dL._AC_UY218_.jpg,4.3 out of 5 stars,No Price mentioned
224,"Panasonic Toughbook CF-33, Intel Core i7, 12.0"""" QHD Multi Touch+Digitizer, 16GB, 512GB SSD, Wifi, Bluetooth, 4G LTE, Windows 10 Pro (Renewed), SILVER BLACK",https://m.media-amazon.com/images/I/61+43k0netL._AC_UY218_.jpg,2.5 out of 5 stars,No Price mentioned
225,"Alienware m15 R4 Gaming Laptop, 15.6 inch Full HD (FHD) - Intel Core i7-10870H, 16GB DDR4 RAM, 512GB SSD, NVIDIA GeForce RTX 3060 6GB GDDR6, Windows 10 Home - Lunar Light",https://m.media-amazon.com/images/I/71Jp27bTQoL._AC_UY218_.jpg,4.3 out of 5 stars,No Price mentioned
226,"lenovo 2022 Newest C340 15.6"" FHD Touchscreen 2-in-1 Chromebook Laptop, Intel i3 CPU(Up to 3.4GHz), 4GB RAM, 64GB eMMC, USB-C, Wi-Fi, Bluetooth, Webcam, Chrome OS",https://m.media-amazon.com/images/I/61Ha2qKelPS._AC_UY218_.jpg,4.0 out of 5 stars,$349.
227,"HP ProBook 455 G10 Business Laptop (15.6"" FHD Display, AMD Ryzen 5 7530U, 32GB RAM, 1TB SSD, (Beats i7-1255U)) Backlit, Fingerprint, Webcam, Ethernet, Wolf Pro Security, Win 11 Pro, Silver, 2024",https://m.media-amazon.com/images/I/71iGnxWSYBL._AC_UY218_.jpg,4.2 out of 5 stars,$799.
228,"Dell Precision 7000 7780 17.3"" Mobile Workstation - Full HD - 1920 x 1080 - Intel Core i7 13th Gen i7-13850HX Icosa-core (20 Core) 2.20 GHz - 32 GB Total RAM - 512 GB SSD - Aluminum Titan Gray",https://m.media-amazon.com/images/I/51-lIdNMMwL._AC_UY218_.jpg,No Rating,No Price mentioned
229,"HP Pavilion 15 inch Laptop, FHD Touchscreen, 13th Generation Intel Core i5-1335U, 8 GB RAM, 512 GB SSD, Intel Iris Xe Graphics, Windows 11 Home, 15-eg3010nr (2023)",https://m.media-amazon.com/images/I/71J0GgbeyFL._AC_UY218_.jpg,5.0 out of 5 stars,No Price mentioned
230,"Microsoft Surface Laptop (2024), Windows 11 Copilot+ PC, 15"" Touchscreen Display, Snapdragon X Elite (12 core), 16GB RAM, 1TB SSD Storage, Black",https://m.media-amazon.com/images/I/51zcnexh-aL._AC_UY218_.jpg,No Rating,"$1,668."
231,"LG gram 15.6” Lightweight Laptop, Intel 13th Gen Core i7, Windows 11 Home, 32GB RAM, 1TB SSD, Gray",https://m.media-amazon.com/images/I/71pzZdPv6dL._AC_UY218_.jpg,3.6 out of 5 stars,No Price mentioned
232,"LG gram Style 14” OLED Laptop, Intel 13th Gen Core i7 Evo Platform, Windows 11 Home, 32GB RAM, 1TB SSD, Dynamic White",https://m.media-amazon.com/images/I/71oEw8WrzgL._AC_UY218_.jpg,4.4 out of 5 stars,No Price mentioned
233,Dell Latitude 5510 Laptop 15.6 - Intel Core i7 10th Gen - i7-10610U - Quad Core 4.9Ghz - 512GB SSD - 16GB RAM - 1920x1080 FHD - Windows 10 Pro (Renewed),https://m.media-amazon.com/images/I/61OTtir8qzS._AC_UY218_.jpg,4.0 out of 5 stars,No Price mentioned
234,"HP 17 Laptop Touchscreen Computer, 17.3” HD+ Touch Screen Business Laptop PC, Intel Core i7(10 cores), 32GB RAM 2TB SSD, Windows 11 Pro, Lifetime Office, Backlit Numeric Keyboard, Fingerprint Reader",https://m.media-amazon.com/images/I/71AnihSlw2L._AC_UY218_.jpg,5.0 out of 5 stars,No Price mentioned
235,"HP Probook 640 G5 14"" Notebook - Core i5 i5-8365U - 16 GB RAM - 512 GB SSD - Natural Silver - Windows 10 Pro 64-bit - English Keyboard - Intel Optane Memory Ready - 15.50 Hour Battery Run Time",https://m.media-amazon.com/images/I/61zfq2+-wzL._AC_UY218_.jpg,2.3 out of 5 stars,No Price mentioned
236,"HP ZBook Firefly G11 16"" Mobile Workstation - WUXGA - Intel Core Ultra 7 155U - 64 GB - 1 TB SSD - English Keyboard",https://m.media-amazon.com/images/I/61N4Ia65MfL._AC_UY218_.jpg,No Rating,"$1,832."
237,"DELL Newest Inspiron 15 3530 Laptop, 15.6"" FHD Touchscreen, Intel Core i7-1355U Processor, 64GB DDR4 RAM, 1TB PCIe SSD, Webcam, HDMI, Bluetooth, Wi-Fi 6, Windows 11 Home, Black",https://m.media-amazon.com/images/I/6108YwaESdL._AC_UY218_.jpg,4.6 out of 5 stars,No Price mentioned
238,"Acer 2024 Newest Aspire 1 Slim Laptop for College Students and Business, 15.6"" FHD Display, Dual-core Intel Celeron N4500, 12 GB RAM, 256 GB SSD + 128 GB eMMC, 1 Year Microsoft 365, Win 11 Home S Mode",https://m.media-amazon.com/images/I/713u140QpVL._AC_UY218_.jpg,No Rating,No Price mentioned
239,"Lenovo V14 G3 Laptop, 14"" FHD Display, Intel Core i7-1255U 10-Cores Processor, 16GB RAM 256GB SSD, Bluetooth 5, Wi-Fi 6, HDMI, Windows 11 Pro, Black",https://m.media-amazon.com/images/I/71jiAh0I54L._AC_UY218_.jpg,No Rating,No Price mentioned
240,"Lenovo LOQ Laptop 13th Generation Intel® Core™ i5-13450HX Processor 12 GB DDR5-4800MHz 512 GB SSD 15.6"" FHD (1920 x 1080), IPS, Anti-Glare, Non-Touch 83DV00FYUS",https://m.media-amazon.com/images/I/71rJPknqD8L._AC_UY218_.jpg,No Rating,No Price mentioned
241,"Lenovo ThinkPad E16 Business Laptop Computer, 16"" WUXGA, 13th Gen Intel Octa-Core i5-13420H (Beat i7-1355U), 24GB DDR4 RAM, 1TB PCIe SSD, WiFi 6, RJ-45, Backlit Keyboard, Windows 11 Pro, venthear",https://m.media-amazon.com/images/I/71pkEsRvm7L._AC_UY218_.jpg,4.6 out of 5 stars,No Price mentioned
242,"acer Aspire 3 A315 Laptop, AMD Ryzen 3 7320U, 15.6"" Full HD, 8GB RAM, 128GB SSD + PNY 128GB USB 2.0 Flash Drive Bundle",https://m.media-amazon.com/images/I/41CAl752CSL._AC_UY218_.jpg,No Rating,$306.
243,"HP Envy x360 16-ad0000 2-in-1 Laptop | 16"" 1920x1080 FHD | Ryzen 7-8840HS - 16GB SSD Hard Drive - 16GB RAM | 8 cores @ 5.1 GHz Win 11 Home Silver (Renewed)",https://m.media-amazon.com/images/I/611Tq6AyIhL._AC_UY218_.jpg,No Rating,No Price mentioned
244,"acer Nitro 16 Gaming Laptop | Ryzen 7 7840HS | RTX 4060 | 16"" WUXGA 165Hz IPS | 16GB DDR5 | 1TB Gen 4 SSD | WiFi 6E | AN16-41-R4CY Full HD USB Streaming 2MP Webcam with Digital Microphone",https://m.media-amazon.com/images/I/31oDfxEtw5L._AC_UY218_.jpg,No Rating,"$1,219."
245,"Dell Latitude 3420 Business Laptop, Intel Core i3-1115G4 3.0GHz Up to 4.1GHz, 16GB RAM, 512GB SSD, Backlit Keyboard, 14"" HD, Windows 10 Pro (Renewed)",https://m.media-amazon.com/images/I/71rgsGcaw1L._AC_UY218_.jpg,5.0 out of 5 stars,No Price mentioned
246,"Dell G15 5520 15.6"" 120Hz FHD (1920x1080) IPS Gaming Laptop | Intel i7-12700H 14-Core | NVIDIA GeForce RTX 3060 | Backlit Keyboard | Thunderbolt 4 | Wi-Fi 6 | RJ-45 | 64GB DDR5 2TB SSD | Win11 Pro",https://m.media-amazon.com/images/I/81UHySAAagL._AC_UY218_.jpg,No Rating,No Price mentioned
247,"Razer Blade 16.1"" Gaming Laptop 13th Gen i9-13950HX (2560 x 1600) 2K-Display 64GB RAM 4TB SSD NVIDIA GeForce RTX 4080 Laptop Windows 11 Home (Renewed)",https://m.media-amazon.com/images/I/71WMjUd6+xL._AC_UY218_.jpg,No Rating,No Price mentioned
248,"Dell Latitude 3540 High Performance Business Laptop 15.6"" IPS FHD Display (Intel i7-1355U, 32GB RAM, 512GB PCIe SSD, Intel Iris Xe, Backlit KB, WiFi 6E, Bluetooth 5.3, Webcam, Gray, Win 10 Pro)",https://m.media-amazon.com/images/I/81UZU5NVnYL._AC_UY218_.jpg,No Rating,No Price mentioned
249,"Dell Inspiron 3520 15.6"" FHD Laptop, Intel Core i7-1255U Processor, 32GB RAM, 2TB SSD, Webcam, HDMI, SD-Card Slot, Wi-Fi 6, Windows 11 Home, Black",https://m.media-amazon.com/images/I/71dKF4pc-6L._AC_UY218_.jpg,3.9 out of 5 stars,No Price mentioned
250,"Dell Vostro 3520 3520 Carbon Black Laptop, i5-1235U, 32GB, 1TB M.2 PCIe SSD, 15.6"" IPS Full HD (1920x1080), Intel UHD, Windows 11 Pro",https://m.media-amazon.com/images/I/715fAku25HL._AC_UY218_.jpg,No Rating,No Price mentioned
251,"ThinkPad X1 Carbon Gen 12,14"" Display,Intel Core Ultra 7 165U,16GB Soldered LPDDR5x-6400,1TB SSD,Windows 11 Pro",https://m.media-amazon.com/images/I/71vp3SrC5VL._AC_UY218_.jpg,No Rating,No Price mentioned
252,"ThinkPad X1 2-in-1 Gen 9,14"" Display,Intel Core Ultra 7 165U,32GB Soldered LPDDR5x-6400,1TB SSD,Windows 11 Pro",https://m.media-amazon.com/images/I/71oHMlYlQHL._AC_UY218_.jpg,No Rating,No Price mentioned
253,"Dell Latitude 3440 14"" Notebook - HD - 1366 x 768 - Intel Core i5 13th Gen i5-1335U Deca-core (10 Core) - 8 GB Total RAM - 256 GB SSD - Soft Charcoal",https://m.media-amazon.com/images/I/31IwHIlOASL._AC_UY218_.jpg,No Rating,No Price mentioned
254,"acer 2023 Laptop | Swift | 16"" 3840 x 2400 OLED | AMD Ryzen 7 7735U 8-Core | 16GB LPDDR5 | 1TB SSD | Windows 10 Home | Wi-Fi 6E - Bluetooth 5.2 - Backlit Keyboard - 1080p FHD Camera - Olivine Black",https://m.media-amazon.com/images/I/61hk85VTQcL._AC_UY218_.jpg,No Rating,No Price mentioned
255,"Dell 2023 Newest Inspiron 15 3525 Laptop, 15.6"" FHD Display, AMD Ryzen 5 5500U Processor up to 4GHz, 16GB RAM, 512GB SSD, AMD Radeon Graphics, Wi-Fi, Bluetooth, Windows 11 Home (Renewed)",https://m.media-amazon.com/images/I/61KPrzQ14GL._AC_UY218_.jpg,No Rating,No Price mentioned
256,"MSI Thin 15 B12UDX 2024 Gaming Laptop 15.6"" FHD IPS 144Hz 8-Core Intel i5-12450H 16GB DDR4 512GB SSD NVIDIA GeForce RTX 3050 6GB GDDR6 Wi-Fi 6E Backlit Keyboard Win11 Home w/ONT 32GB USB",https://m.media-amazon.com/images/I/61WJiyDSC1L._AC_UY218_.jpg,No Rating,No Price mentioned
257,"Lenovo Thinkpad P1 G4 16"" Laptop Core i7-11850H RTX A2000 64GB RAM 1TB SSD W10P (Renewed)",https://m.media-amazon.com/images/I/51RAUxSxdqL._AC_UY218_.jpg,No Rating,No Price mentioned
258,"Lenovo Thinkpad L13 Yoga G4 13.3"" Touch Laptop Core i7-1355U 16GB 512GB SSD W11H (Renewed)",https://m.media-amazon.com/images/I/71ajjwdIL0L._AC_UY218_.jpg,No Rating,No Price mentioned
259,"Lenovo Thinkpad L13 Yoga G4 13.3"" Touch Laptop Core i7-1355U 16GB 512GB SSD W11H (Renewed)",https://m.media-amazon.com/images/I/71ajjwdIL0L._AC_UY218_.jpg,No Rating,No Price mentioned
260,"Dell G15 5535 Gaming Laptop (2023) | 15.6"" FHD | Core Ryzen 5-1TB SSD Hard Drive - 16GB RAM - RTX 3050 | 6 Cores @ 4.9 GHz Win 11 Pro (Renewed)",https://m.media-amazon.com/images/I/81TFl7HOGdL._AC_UY218_.jpg,No Rating,No Price mentioned
261,"Dell Latitude 7430 14"" Laptop (Latest Latitude 2023) Intel 12th Gen Core i7-1265U(10-Core) 1TB SSD 32GB RAM Full HD Touch (1920x1080) Windows 11 PRO (Renewed)",https://m.media-amazon.com/images/I/71Uxdwof-YL._AC_UY218_.jpg,No Rating,No Price mentioned
262,"Lenovo Thinkpad T14 Gen 5 14"" Touch Laptop AMD Ryzen 7 Pro 8840U 8GB 512GB W11P (Renewed)",https://m.media-amazon.com/images/I/71jD+rfXv9L._AC_UY218_.jpg,No Rating,No Price mentioned
263,"MSI Pulse 17.3"" 360Hz FHD (1920x1080) IPS Laptop 2023 New | Intel i7-12700H 14-Core | NVIDIA GeForce RTX 3070 | Single-Zone RGB Backlit Keyboard | Wi-Fi 6 | 32GB DDR4 1TB SSD | Win11 Home",https://m.media-amazon.com/images/I/516TfYNAmWL._AC_UY218_.jpg,No Rating,No Price mentioned
264,"ASUS TUF Gaming A16 Laptop | 16"" WUXGA 165Hz 100% sRGB | AMD 8-core Ryzen 7 7735HS | 16GB DDR5 512GB SSD | Radeon RX7700S 8GB (>RTX4060) | Backlit USB-C USB4 Win11Pro w/DLCA Accessory",https://m.media-amazon.com/images/I/81NOieuj1xL._AC_UY218_.jpg,5.0 out of 5 stars,No Price mentioned
265,"Lenovo ThinkPad P14S Gen 5 14.5"" Laptop RTX 500 i7-155H 64GB 1TB SSD W11P (Renewed)",https://m.media-amazon.com/images/I/61K821PxyQL._AC_UY218_.jpg,No Rating,No Price mentioned
266,"ASUS TUF Gaming A16 Laptop 16"" WUXGA 165Hz 100% sRGB AMD 8-core Ryzen 7 7735HS 16GB RAM 1TB SSD Radeon RX 7700S 8GB (>RTX4060) Backlit USB4 Fast Charge AI Noise Cancelation Office2021Pro Win11",https://m.media-amazon.com/images/I/71yyyGcU+fL._AC_UY218_.jpg,5.0 out of 5 stars,No Price mentioned
267,"MSI Modern 15.6 inch Ultrabook Laptop Core i5-1335U 16GB 1TB W11P 3 Yr Warranty - Manifest your imagination - Copilot works with you to write, edit, summarize, create content - and even give suggestio",https://m.media-amazon.com/images/I/413mzmTKkML._AC_UY218_.jpg,No Rating,No Price mentioned
268,"Lenovo ThinkPad P16 G2 16"" Laptop i9-13980HX RTX 2000 32GB 1TB SSD W11P (Renewed)",https://m.media-amazon.com/images/I/51cYprxdvQL._AC_UY218_.jpg,No Rating,No Price mentioned
269,"Lenovo IdeaPad 3 – (2023) - Everyday Notebook - Windows 11-14"" Full HD – 8GB Memory – 128GB Storage - Intel Core i3-1115G - Platinum Grey",https://m.media-amazon.com/images/I/81sq-a+suJL._AC_UY218_.jpg,4.4 out of 5 stars,No Price mentioned
270,"Lenovo ThinkPad T460s Laptop | 14"" 1920x1080 FHD | Core i5-6200U - 256GB SSD Hard Drive - 12GB RAM | 2 cores @ 2.8 GHz Win 10 Pro Black",https://m.media-amazon.com/images/I/51hPi2GxuQL._AC_UY218_.jpg,No Rating,No Price mentioned
271,"Microsoft Surface Laptop (2024), Windows 11 Copilot+ PC, 15"" Touchscreen Display, Snapdragon X Elite (12 core), 32GB RAM, 1TB SSD Storage, Black",https://m.media-amazon.com/images/I/51zcnexh-aL._AC_UY218_.jpg,No Rating,"$2,169."
272,"Dell Alienware X14 Laptop (2022) | 14"" 1920x1080 FHD 144Hz | Core i7-12700H - 512GB SSD Hard Drive - 16GB RAM - Nvidia GeForce RTX 3050 | 14 cores @ 4.7 GHz - 4GB GDDR6 Win 11 Home White (Renewed)",https://m.media-amazon.com/images/I/81Xf075DXLL._AC_UY218_.jpg,No Rating,No Price mentioned
273,"Lenovo Legion Pro 7 Gaming Laptop, GeForce RTX 4080 12GB, 16"" Display, AMD Ryzen 9 7945HX, 32GB RAM, 1TB SSD 17"" Laptop Bag",https://m.media-amazon.com/images/I/31I5Pz8cJML._AC_UY218_.jpg,No Rating,"$2,312."
274,"Acer Nitro V Gaming Laptop| Ryzen 7 8845HS | AI Capable| RTX 4060 | 16"" WUXGA IPS 165Hz | 16GB DDR5 | 1TB Gen 4 SSD | Wi-Fi 6E | ANV16-41-R5J0 with Predator Connect W6 Wi-Fi 6E Gaming Router | AXE7800",https://m.media-amazon.com/images/I/31b36KXo9EL._AC_UY218_.jpg,No Rating,"$1,109."
275,"Canon PIXMA TR8620a - All-in-One Printer Home Office|Copier|Scanner|Fax|Auto Document Feeder | Photo, Document | Airprint (R), Android, Black, Works with Alexa",https://m.media-amazon.com/images/I/71AmpsLRRvL._AC_UY218_.jpg,4.2 out of 5 stars,$139.
276,"Lenovo USB-C Rechargeable Silent Mouse (WL500) - Silent Buttons, USB-C Rechargeable, Ambidextrous Grip, Adjustable DPI - Plug-and-Play 2.4G Receiver Computer Mouse (Black)",https://m.media-amazon.com/images/I/511nlrAHd5L._AC_UY218_.jpg,4.1 out of 5 stars,$21.
277,"Lenovo Legion Pro 7 Gaming Laptop, GeForce RTX 4080 12GB, 16"" Display, AMD Ryzen 9 7945HX, 32GB RAM, 1TB SSD 17"" Laptop Bag",https://m.media-amazon.com/images/I/31I5Pz8cJML._AC_UY218_.jpg,No Rating,"$2,312."
278,"Acer Nitro V Gaming Laptop| Ryzen 7 8845HS | AI Capable| RTX 4060 | 16"" WUXGA IPS 165Hz | 16GB DDR5 | 1TB Gen 4 SSD | Wi-Fi 6E | ANV16-41-R5J0 with Predator Connect W6 Wi-Fi 6E Gaming Router | AXE7800",https://m.media-amazon.com/images/I/31b36KXo9EL._AC_UY218_.jpg,No Rating,"$1,109."
279,"ASUS Chromebook Flip CM5, 15.6"" Touchscreen Full HD NanoEdge Display, AMD Ryzen 3 3250C Processor, 64GB eMMC, 4GB RAM, Backlit Keyboard, Wi-Fi 5, Chrome OS, Aluminum, Mineral Gray, CM5500FDA-DN344T",https://m.media-amazon.com/images/I/61XHKyi2SpL._AC_UY218_.jpg,3.8 out of 5 stars,No Price mentioned
280,"HP - Envy x360 2-in-1 15.6"" Touch-Screen Laptop - AMD Ryzen 5 - 8GB Memory - 256GB SSD - Nightfall Black (Renewed)",https://m.media-amazon.com/images/I/611zdkfj20L._AC_UY218_.jpg,4.5 out of 5 stars,No Price mentioned
281,"SAMSUNG Galaxy Book4 Edge 15"" Business Laptop PC, Sapphire Blue",https://m.media-amazon.com/images/I/61E7wn7WEGL._AC_UY218_.jpg,No Rating,$999.
282,"Dell XPS 9310 Thin and Light Touchscreen Laptop - 13.4 Inch UHD+ 4K Display - Intel Core i7-1185G7, 32GB LPDDR4x RAM, 2TB SSD, Intel Iris Xe Graphics, Windows 10 Home - Platinum Silver",https://m.media-amazon.com/images/I/81hrHzRpP7L._AC_UY218_.jpg,3.4 out of 5 stars,No Price mentioned
283,"Dell G15RE 15.6"" 120Hz FHD (1920x1080) IPS Gaming Laptop | AMD Ryzen 7 5800H 8-Core | NVIDIA RTX 3050Ti 4GB GDDR6 | Backlit Keyboard | USB-C | WiFi 6 | HDMI 2.1 | 32GB DDR4 1TB SSD | Win11 Home",https://m.media-amazon.com/images/I/71unXma1UkL._AC_UY218_.jpg,No Rating,No Price mentioned
284,"Dell Inspiron 15 3520 15.6"" Touchscreen FHD Business Laptop Computer, Intel Quad-Core i5-1135G7 (Beat i7-1065G7), 32GB DDR4 RAM, 2TB PCIe SSD, 802.11AC WiFi, Bluetooth, Carbon Black, Windows 11 Pro",https://m.media-amazon.com/images/I/81DGU4WGKZL._AC_UY218_.jpg,No Rating,No Price mentioned
285,"Microsoft Surface Laptop 6 15"" Touchscreen Notebook - Intel Core Ultra 7 165H - 32 GB - 1 TB SSD - English Keyboard - Platinum",https://m.media-amazon.com/images/I/51SCPasFwhL._AC_UY218_.jpg,No Rating,No Price mentioned
286,"Microsoft Surface Laptop (2024), Windows 11 Copilot+ PC, 15"" Touchscreen Display, Snapdragon X Elite (12 core), 16GB RAM, 1TB SSD Storage, Platinum",https://m.media-amazon.com/images/I/51Ql-gPdsTL._AC_UY218_.jpg,No Rating,"$1,653."
287,"Apple 2023 MacBook Pro Laptop with Apple M2 Pro chip with 10‑core CPU and 16‑core GPU: 14.2-inch Liquid Retina XDR Display, 16GB Unified Memory, 512GB SSD Storage. Works with iPhone/iPad; Space Gray",https://m.media-amazon.com/images/I/61lYIKPieDL._AC_UY218_.jpg,4.7 out of 5 stars,"$1,799."
288,"acer Aspire 5 14 Slim Laptop| 14"" WUXGA IPS | Core i7-1355U | 16GB LPDDR5 | 512GB SSD | Wi-Fi 6E | USB4/TB 4 | A514-56M-71A9 USB 3.0 Dock U301: 2 x HDMI ports, 4 x USB 2.0, 2 x USB 3.1 Gen 1",https://m.media-amazon.com/images/I/31uloKm7DXL._AC_UY218_.jpg,No Rating,"$1,124."
289,"Lenovo 100E Laptop G2 AST 11.6"" AMD A4-9120C 4GB 32GB Chrome OS (Renewed)",https://m.media-amazon.com/images/I/71KgPRij6+L._AC_UY218_.jpg,4.5 out of 5 stars,No Price mentioned
290,"Alienware M18 R2 Gaming Laptop, 18"" QHD+ 165Hz Display, Intel 24-Core i9-14900HX, GeForce RTX 4080, 64GB DDR5, 2TB SSD, RGB Backlit (per-key), Wifi6, Win 11 Pro, with Microsoft Office Lifetime License",https://m.media-amazon.com/images/I/71qIb3wvXqL._AC_UY218_.jpg,4.4 out of 5 stars,No Price mentioned
291,"HP Chromebook 14a 14"" HD (Intel 4-Core Celeron N4120, 4GB RAM, 64GB eMMc, UHD Graphics 600) Home & Student Laptop, 14 Hours Battery Life, Anti-Glare, Webcam, Wi-Fi, IST Cable, Type-C, Chrome OS",https://m.media-amazon.com/images/I/61aS3WO7TvL._AC_UY218_.jpg,4.2 out of 5 stars,$199.
292,"HP ProBook 465 G11 16"" Notebook - WUXGA - AMD Ryzen 5 7535U - 16 GB - 256 GB SSD - English Keyboard - Silver - AMD Chip - 1920 x 1200 - Windows 11 Pro - AMD Radeon 660M Graphics - in-Plane Switch",https://m.media-amazon.com/images/I/419viI+JTWL._AC_UY218_.jpg,No Rating,No Price mentioned
293,Crucial RAM 16GB DDR4 3200MHz CL22 (or 2933MHz or 2666MHz) Desktop Memory CT16G4DFRA32A,https://m.media-amazon.com/images/I/61LjnKSImPL._AC_UY218_.jpg,4.7 out of 5 stars,$31.
294,"HP 14 Laptop, Intel Celeron N4020, 4 GB RAM, 64 GB Storage, 14-inch HD Touchscreen, Windows 11 Home, Thin & Portable, 4K Graphics, One Year of Microsoft 365 (14-dq0080nr, Snowflake White)",https://m.media-amazon.com/images/I/51WLQFo6gBL._AC_UY218_.jpg,4.1 out of 5 stars,No Price mentioned
295,"NewestDell_Alien.Ware M18 R2 Gaming Laptop - 18-inch QHD+ 165Hz 3ms Display, Core i7-14700HX RTX 4070, 32GB DDR5 RAM 1TB SSD, Backlit Keyboard Thunderbolt 4 WiFi 7 Win 11 Home Ommotech Supported",https://m.media-amazon.com/images/I/61HF-riq47L._AC_UY218_.jpg,5.0 out of 5 stars,No Price mentioned
296,"ASUS CX1500CNA-AS84F Chromebook CX1, 15.6"" Full HD NanoEdge Display, Intel Celeron N3350 Processor, 64GB eMMC Storage, 8GB RAM, Chrome OS, Transparent Silver, CX1500CNA-AS84F",https://m.media-amazon.com/images/I/81jIGNqTjmL._AC_UY218_.jpg,4.1 out of 5 stars,No Price mentioned
297,"LG gram 14” Lightweight Laptop, Intel 13th Gen Core i7 Evo Platform, Windows 11 Home, 32GB RAM, 1TB SSD, Black",https://m.media-amazon.com/images/I/71V5y2yDcML._AC_UY218_.jpg,3.7 out of 5 stars,No Price mentioned
298,"HP Chromebook 14-inch HD Laptop, Intel Celeron N4000, 4 GB RAM, 32 GB eMMC, Chrome (14a-na0010nr, Mineral Silver)",https://m.media-amazon.com/images/I/91shKLxoedL._AC_UY218_.jpg,4.4 out of 5 stars,$189.
299,"Lenovo Thinkpad Z13 Gen 1 13.3"" Touch AMD Ryzen 7 Pro 6850U 16GB 1TB SSD W11P (Renewed)",https://m.media-amazon.com/images/I/51cdqL-YOKL._AC_UY218_.jpg,No Rating,No Price mentioned
300,"HP EliteBook 860 G11 16"" Touchscreen Notebook - WUXGA - Intel Core Ultra 5 125U - vPro Technology - 16 GB - 512 GB SSD - English Keyboard",https://m.media-amazon.com/images/I/613LllvFAEL._AC_UY218_.jpg,No Rating,"$1,625."
301,"HP Envy 17-cr1087nr 17.3"" FHD Touchscreen Laptop Intel Core i7-13700H 2.4GHz 16GB RAM 512GB SSD WiFi BT Windows 11 Home (Renewed)",https://m.media-amazon.com/images/I/61r5GLvYpFL._AC_UY218_.jpg,5.0 out of 5 stars,No Price mentioned
302,"Samsung Chromebook 4 (2021 Model) 11.6"" Intel UHD Graphics 600/ Celeron Processor N4020, 4GB, 32GB, Wi-Fi - (XE310XBA-KA1US)",https://m.media-amazon.com/images/I/61oJPm-sHsL._AC_UY218_.jpg,4.4 out of 5 stars,No Price mentioned
303,"MSI Modern 14 Professional Laptop: 14"" IPS-Level Thin Bezel Display, Intel Core i5-1135G7, Intel Iris Xe, 8GB RAM, 512GB NVMe SSD, Win10, Carbon Gray (B11MO-207)",https://m.media-amazon.com/images/I/51kkqhmyGiS._AC_UY218_.jpg,3.1 out of 5 stars,No Price mentioned
304,"Lenovo LOQ 15IRH8 - Gaming Laptop Computer - NVIDIA GeForce RTX 4050-15.6"" FHD - 144Hz - Intel Core i5-13500H - 8GB RAM - 1TB SSD - Windows 11 - Storm Grey - 3-Month Xbox GamePass Included",https://m.media-amazon.com/images/I/71yhG-ZmJJL._AC_UY218_.jpg,3.8 out of 5 stars,"$1,079."
305,"Dell G16 G-Series 7630 Gaming Laptop - 16-inch QHD+ 165Hz, 3ms, Intel Core i9-13900HX, 16GB DDR5 RAM, 1TB SSD, NVIDIA GeForce RTX 4070 8GB GDDR6, Windows 11 Home, Onsite Service - Metallic Nightshade",https://m.media-amazon.com/images/I/71+8kBgZIYL._AC_UY218_.jpg,3.9 out of 5 stars,No Price mentioned
306,LG 16INCH ULTRANOTEBOOK H/W TPM Win 11PRO RYZEN7 16GB DDR 1TB SSD Fingerprint SE,https://m.media-amazon.com/images/I/61OMcd2insL._AC_UY218_.jpg,No Rating,$866.
307,"Gigabyte G5 KF5 Gaming Laptop (15.6"" 144Hz, 16GB DDR5 RAM, 512GB PCIe SSD, Intel Core i7-12650H, NVIDIA Geforce RTX 4060 8GB) Type C, Backlit, Webcam, DTS:X Audio, Win 11 Home (Renewed)",https://m.media-amazon.com/images/I/71le0CReteL._AC_UY218_.jpg,No Rating,No Price mentioned
308,"HP Newest 15.6"" FHD IPS Premium Laptop, Intel Celeron N4020 Processor Upto 2.8GHz, 8GB RAM, 512GB SSD, WiFi, USB-C, Card Reader, Windows 10 Home + HDMI Cable",https://m.media-amazon.com/images/I/61gzImLQcRL._AC_UY218_.jpg,4.6 out of 5 stars,No Price mentioned
309,"Dell Inspiron 15.6"" 3530 15"" Touchscreen Laptop Computer 2023 | 13th Gen Intel Core i7-1355U up to 5.0 GHz, 16GB DDR4 RAM, 1TB PCIe NVMe M.2 SSD + 2TB HDD, Intel Iris Xe Graphics, Windows 11 Pro",https://m.media-amazon.com/images/I/71LYEZ9Y22L._AC_UY218_.jpg,No Rating,No Price mentioned
310,"Vera Bradley Women's Ripstop Polyester Berkhill Backpack, Koi Orange, One Size",https://m.media-amazon.com/images/I/71cv8wYN5zL._AC_UY218_.jpg,4.8 out of 5 stars,$86.
311,"LG gram Home Office Laptop (Intel Ultra 7-155H 16-Core, 32GB LPDDR5X 7466MHz RAM, 2x2TB PCIe SSD RAID 0 (4TB), Intel Arc, 17.0"" 60 Hz Touch Wide QXGA (2560x1600), WiFi, Win 11 Pro) with USB-C Dock",https://m.media-amazon.com/images/I/61Y+rFHNtOL._AC_UY218_.jpg,No Rating,No Price mentioned
312,"Dell Inspiron 15.6"" 3530 15"" Touchscreen Laptop Computer 2023 | 13th Gen Intel Core i7-1355U up to 5.0 GHz, 16GB DDR4 RAM, 1TB PCIe NVMe M.2 SSD + 2TB HDD, Intel Iris Xe Graphics, Windows 11 Pro",https://m.media-amazon.com/images/I/71LYEZ9Y22L._AC_UY218_.jpg,No Rating,No Price mentioned
313,"Dell Vostro 5301 Laptop | 13.3"" 1920x1080 FHD | Core i7-1165G7-512GB SSD Hard Drive - 8GB RAM - Nvidia GeForce MX350 | 4 cores @ 4.7 GHz - 2GB GDDR5 Win 10 Pro Black",https://m.media-amazon.com/images/I/61vUAVYq8sS._AC_UY218_.jpg,No Rating,No Price mentioned
314,"Lenovo ThinkPad T16 Gen 2 Business Laptop (16"" FHD+ Anti-glare, Intel 10-Core i7-1355U, 32GB DDR5 RAM, 1TB SSD), Fingerprint Reader, 1080p Webcam, Ethernet, Wi-Fi 6E, Win 11 Pro w/ AI Copilot, Black",https://m.media-amazon.com/images/I/61kVeIFOnFL._AC_UY218_.jpg,4.4 out of 5 stars,No Price mentioned
315,"Dell Latitude 7400 Laptop | 14"" 1920x1080 FHD | Core i7-8665U - 1TB SSD Hard Drive - 16GB RAM | 4 cores @ 4.8 GHz Win 10 Pro Black",https://m.media-amazon.com/images/I/61BF2wJFPdS._AC_UY218_.jpg,No Rating,No Price mentioned
316,"Dell 2021 Latitude 7000 7320 Laptop | 13.3"" FHD | Core i7-1TB SSD - 16GB RAM | 4 Cores @ 4.4 GHz - 11th Gen CPU (Renewed Premium)",https://m.media-amazon.com/images/I/41VuHhGu1FS._AC_UY218_.jpg,No Rating,No Price mentioned
317,"HP ProBook 445 G11 14"" Touchscreen Notebook - WUXGA - AMD Ryzen 7 7735U - 16 GB - 512 GB SSD - English Keyboard - Pike Silver Aluminum",https://m.media-amazon.com/images/I/51H2qZk8RsL._AC_UY218_.jpg,No Rating,$935.
318,"Lenovo ThinkPad X13 Gen 2 Business Laptop (13.3"" FHD+ Touchscreen, Intel EVO Core i7-1185G7, 16GB RAM, 512GB PCIe SSD) Light Weight, Backlit, FP, Wi-Fi, Webcam, 3-Yr Warranty, IST Cable, Win 11 Pro",https://m.media-amazon.com/images/I/71GT-zLBqdL._AC_UY218_.jpg,4.6 out of 5 stars,No Price mentioned
319,"Dell Latitude 3420 Business Laptop, 14/'' FHD (1920 x 1080), Intel Core i5-1145G7 2.6GHz, 16GB RAM, 512GB SSD, Backlit Keyboard, Windows 10 Pro (Renewed)",https://m.media-amazon.com/images/I/6110uY0okRL._AC_UY218_.jpg,4.0 out of 5 stars,No Price mentioned
320,"Lenovo ThinkPad T16 16"" WUXGA (AMD Ryzen 5 PRO 6650U, 16GB DDR5 RAM, 512GB SSD, 6-Core (Beat i7-1250U)) Business Laptop, FP, Backlit, FHD Webcam, Wi-Fi 6E, 3-Yr WRT, IST Cable, Win 10/11 Pro, Black",https://m.media-amazon.com/images/I/61w7q-JO3BL._AC_UY218_.jpg,5.0 out of 5 stars,$999.
321,"Panasonic Toughbook CF-33 MK1, Rugged 2-in-1, Core i5-7300U up to 3.5GHz, 12-inch QHD Touchscreen + Digitizer, 16GB RAM, 512GB SSD, 4G LTE, Barcode Reader, Premium Keyboard, Windows 11 Pro (Renewed)",https://m.media-amazon.com/images/I/71jfO8qzn+L._AC_UY218_.jpg,No Rating,$899.
322,"Dell Latitude 7640 Laptop (2023) | 16"" 1920x1200 FHD+ | Core i7-1355U - 512GB SSD Hard Drive - 16GB RAM | 10 cores @ 5 GHz Win 10 Pro Black",https://m.media-amazon.com/images/I/81DCey9fOqL._AC_UY218_.jpg,4.0 out of 5 stars,No Price mentioned
323,"HP 17 Inch Laptop Touch Screen, 17.3 Touchscreen Laptop Computer, Intel Core i7, Lifetime Office, 16GB RAM,512GB SSD, Windows 11 Pro Laptop PC, Backlit Keyboard, 10 Key Number Pad Webcam USB-C",https://m.media-amazon.com/images/I/61OiN8VWIWL._AC_UY218_.jpg,5.0 out of 5 stars,No Price mentioned
324,"SAMSUNG XE350XBA-K01US Chromebook 4 + Chrome OS 15.6"" Full HD Intel Celeron Processor N4000 4GB RAM 32Gb Emmc Gigabit Wi-Fi, Silver",https://m.media-amazon.com/images/I/61haL7447DL._AC_UY218_.jpg,4.3 out of 5 stars,No Price mentioned
325,"Dell G16 7630 Laptop (2023) | 16"" 2560x1600 QHD+ 240Hz | Core i9-13900HX - 1TB SSD Hard Drive - 64GB RAM - Nvidia GeForce RTX 4070 | 24 cores @ 5.4 GHz - 8GB GDDR6X Win 11 Home Black",https://m.media-amazon.com/images/I/81LU+XFiLVL._AC_UY218_.jpg,No Rating,No Price mentioned
326,"HP Chromebook 15 Laptop for Business and College (15.6"" Micro-Edge, Intel N200 (>Pentium N6000), 8GB RAM, 128GB Storage(64GB + 64GB), Webcam, Numeric Keyboard), IST SD Card, Chrome OS, Silver",https://m.media-amazon.com/images/I/61+pHUVZ0gL._AC_UY218_.jpg,3.8 out of 5 stars,$299.
327,"Dell Inspiron 13 5310, 13.3 inch QHD (Quad High Definition) Laptop - Thin and Light Intel Core i7-11370H, 16GB DDR4 RAM, 512GB SSD, NVIDIA GeForce MX450, Services - Windows 10 Home",https://m.media-amazon.com/images/I/81rTYNStzzL._AC_UY218_.jpg,4.1 out of 5 stars,No Price mentioned
328,"HP Envy x360 Convertible 13-bd0063dx Pale Gold 2-in-1 Laptop, i5-1135G7, 8GB, 256GB PCIe SSD, 13.3"" IPS Touch Full HD (1920x1080), Intel Iris Xe, Windows 10 Home",https://m.media-amazon.com/images/I/31SNi7X7deL._AC_UY218_.jpg,4.3 out of 5 stars,$559.
